user_name,user_location,user_description,user_verified,date,text,hashtags,source
Herald Goa,"Goa, India","Established in 1900, O Heraldo is the oldest and currently the largest circulated English daily in Goa",False,2022-04-27 12:47:34+00:00,"Goa to start COVID vaccines for 6 years plus category says CM, after attending VC with PM
Watch full video: https://t.co/hgOgMSkUW6
#COVID19 #CovidVaccine #Goa #coronavirus https://t.co/PkFRmR1YQH",,Twitter Web App
Meralis Hood,"Wesley Chapel, FL",100% Boricua ğŸ‡µğŸ‡·. Mom. @nd_hood wife. â¤ï¸ Nonprofit Executive ğŸ§  follow me on IG @meracognitive ğŸ“± Tweets My Own ğŸ¦,False,2022-04-27 12:47:21+00:00,I literally donâ€™t have time for this right now. #COVID19,['COVID19'],Twitter Web App
Free Press Journal,India,The voice of #Mumbai. The Free Press Journal is one of the oldest English daily newspapers from Mumbai with a heritage of more than 90 years.,True,2022-04-27 12:47:15+00:00,"Maharashtra records 186 new COVID-19 cases, 0 deaths, 174 recoveries on April 27

#Maharashtra #COVID19 

https://t.co/wTLuBYojGX","['Maharashtra', 'COVID19']",Twitter Web App
WeThePatriotsUSA,Land of the Free,ğŸ”¥Preserving & Expanding Your FreedomsğŸ”¥ ğŸ‡ºğŸ‡¸ Medical Freedom ğŸ‡ºğŸ‡¸ Religious Freedom ğŸ‡ºğŸ‡¸ Parental Rights ğŸ‡ºğŸ‡¸ Educational Freedom ğŸ‡ºğŸ‡¸ Right to Bear Arms ğŸ‡ºğŸ‡¸,False,2022-04-27 12:47:00+00:00,"Don't miss this week's #FaithfulFreedom with @teryngregson

Everyone needs to hear this wonderful father's message of hope, forgiveness, and light amidst the worst darkness a parent can experience. 

#Downsyndrome #COVID #COVID19 #DisabilityRights

https://t.co/xwXGSiphXL",['FaithfulFreedom'],Twitter for Android
World Bank Tanzania,"Dar es Salaam, Tanzania",Welcome to World Bank Tanzania. Fighting poverty with passion and professionalism for lasting results.,False,2022-04-27 12:46:59+00:00,"â€œThis is a special time in #Africa. We were recently hit by locusts, #COVID19, droughts, &amp; cyclones...and these natural disasters will increase in frequency. At the same time, we have manmade shocks. How to make Africa more resilient is very importantâ€- @HafezGhanem_WB #AfricaSOR https://t.co/u2qqfbiI16","['Africa', 'COVID19']",Twitter Web App
deborah blayney,,,False,2022-04-27 12:46:41+00:00,"@MarinaPurkiss @CMO_England CLEARLY WARNED govt of RISK of 'a large iceberg' of asymptomatic infectionğŸ‘‡&amp; Warned children were ""LIKELY"" asymptomatic ""vectors"" of #COVID19! 
But said ""PM laid out overall strategy"". Political/Economic factors were ""huge""ğŸ¤”
Shoud sue Govt!?
https://t.co/5nhr28CM3h",,Twitter for Android
Marc C. Whitt,"Lexington, Kentucky USA ğŸ‡ºğŸ‡¸",@universityofky Director of Media & Strategic Relations|@UKYISC PT Instructor|@PRLessons Author|@KYPRSA Board|@PRCA_HQ Intâ€™l University Advisory|Opinions MineğŸº,False,2022-04-27 12:46:22+00:00,"â€œ'The only way out of this is with new lungs.' Thatâ€™s what Andy Wilkins and his wife Michelle were told after Andy was hospitalized with #COVID19."" https://t.co/ANqVHhgfxV by @HilaryB_UKPR via @universityofky",,Twitter Web App
Der Fachfeger,,Theoretisch kann ich praktisch alles..,False,2022-04-27 12:46:15+00:00,"fUcK tHe sYsTeM
#Pflege #COVID19 #UkraineRussiaWar https://t.co/WCCf6QnR2v","['Pflege', 'COVID19', 'UkraineRussiaWar']",Twitter for Android
JosÃ© De La Cruz ğŸš€,"Pharr, TX ğŸ³ï¸â€ğŸŒˆğŸ‡ºğŸ‡¸ğŸ‡²ğŸ‡½",out now! #beautifulgarbage 20th anniversary deluxe edition ğŸ¥€ğŸŒ¹ & check out @garbageâ€™s latest album #NOGODSNOMASTERS ğŸ‘¼ğŸ¼ğŸ’•ğŸ’š https://t.co/194eJTp0Lb #shirleymanson,False,2022-04-27 12:46:01+00:00,Double boosted and still masking up everywhere I go ğŸ’‰ ğŸ’‰ğŸ’‰ğŸ’‰ğŸ˜·ğŸ˜·âœˆï¸ #CovidIsNotOver #GetBoosted #COVID19 https://t.co/liN3Ufk6xd,"['CovidIsNotOver', 'GetBoosted', 'COVID19']",Twitter for iPad
COST,Brussels,An EU funding programme enabling researchers to set up their own interdisciplinary research networks in Europe and beyond. #COSTactions,False,2022-04-27 12:46:00+00:00,"What we have learnt from #COVID19 &amp; how we will apply it to the preparation &amp; management of future crises? Join us with @EP_ThinkTank for a Policy Round Table on the future of #pandemics:

ğŸ“† May 11, 2022
ğŸ•’ 13:00 - 15:00 CEST
ğŸ« Register: https://t.co/N0W1tAaZ3x
ğŸ“ Online",['COVID19'],Sprout Social
JasonNolk,,Consultant,False,2022-04-27 12:45:56+00:00,"#COVID19 So the narrative is, we are worried that if some stay unvaccinated it will clearly show broad range of immunity. This will really dampen the data which they pushed on the world. So, we need to use the good old fashioned scar Tactic. Are people this naive? https://t.co/sn8PCPdzet",['COVID19'],Twitter for iPad
AndrÃ© Picard,,"AndrÃ© Picard is the health columnist at The Globe and Mail. Author of  the bestselling book ""NEGLECTED NO MORE"".",True,2022-04-27 12:45:52+00:00,"The U.S.ğŸ‡ºğŸ‡¸ is finally â€œout of the pandemic phase,â€ the countryâ€™s top infectious-disease expert said Tuesday, as cases and hospitalizations are notably down and maskğŸ˜·mandates are all but gone, by @bybryanpietsch https://t.co/coidD9PMSX via @washingtonpost #COVID19",,Twitter Web App
Daily Banner App,"Gujarat, India","Daily Banner is auto creation Application of Festival, Quotes & Business Posters for all business.

Read More: https://t.co/WyFXZCFyJh",False,2022-04-27 12:45:48+00:00,"Whatever type of business you are in? One always wants to grow business. 
 #branding #marketingstrategies #Target #customers #identity #marketing #management #brand #brandawareness #advertising #targetmarketing #COVID19 #marketingperformance #influencermarketing #DailyGreetings https://t.co/lnTQalKPeY https://t.co/YH5FYx7Fuf","['branding', 'marketingstrategies', 'Target']",Twitter Web App
ğŸ‡ºğŸ‡¸ ğŸ‡®ğŸ‡¹ CJ,New England,"""There are no ordinary people.  You have never talked to a mere mortal."" C.S. Lewis",False,2022-04-27 12:45:30+00:00,"#America is 'OUT of the pandemic phase': #Fauci confirms #Covid19 infections are 'at a low level' but people should still get 'intermittently' vaccinated.
 https://t.co/ZbWRjpfJJX @MailOnline","['America', 'Fauci', 'Covid19']",Twitter for Android
Dave Keating,"Brussels, Belgium","ğŸ‡ºğŸ‡¸ğŸ‡ªğŸ‡ºAmerican-European journalist ğŸ“ºBrussels Correspondent, France24 âœï¸Senior Writer, Energy Monitor ğŸ‘¨â€ğŸ’¼Nonresident Senior Fellow, Atlantic Council",True,2022-04-27 12:45:11+00:00,"EU Health Commissioner @SKyriakidesEU enters the press room (wearing a #FaceMask, though it's no longer required) to announce ğŸ‡ªğŸ‡º decision to end emergency phase of managing #Covid19 pandemic, and moving on to a new phase.

""A great deal has changed since I last stood before you"" https://t.co/2Q7YM2rgyS",['FaceMask'],Twitter Web App
Dr Behrooz Hassani-M,"Melbourne, Victoria","Top 25 Analytics Leader AUS.
Director; Insights, Planning, Performance; Monash Uni.
Personal Views.",False,2022-04-27 12:45:08+00:00,Back to the normal level... #leadindicator #COVID19 https://t.co/4au2itqAhz,"['leadindicator', 'COVID19']",Twitter Web App
"Arlington, Health and Human Services",Health Alerts and Program Info,"Official Account of the Arlington, Massachusetts Department of Health and Human Services #ArlingtonMA #PublicHealth",True,2022-04-27 12:45:02+00:00,"Every home in the U.S. is eligible to order two sets of four free at-home, rapid #COVID19 tests. If you have already ordered your first set, order a second today at https://t.co/HlzYU7bcbh https://t.co/2embYpPIT7",['COVID19'],Loomly
UNStats,New York,Official Twitter account of the Statistics Division of the United Nations Department of Economic and Social Affairs.,True,2022-04-27 12:45:00+00:00,"ğŸ‘‰ Check out our webinar recording of @UNDESA &amp; @WHO Technical Advisory Group to uncover the potential of high-frequency #surveys in measuring #COVID19â€™s impact on adult #mortality &amp; learn about country experiences.

ğŸ”— https://t.co/JSt5c8PEN6

Learn more: https://t.co/FoQCxs9W0m",,TweetDeck
Ryan,"Ontario, Canada",Candidate for Prime Minister of Canada | he/him | Girl Dad | Husband | Advocate of Humanity | Politics | Sports | Whisky | Views are definitely my own,False,2022-04-27 12:44:56+00:00,"Morning @DDSBSchools @DurhamHealth @tdsb @TOPublicHealth:

If you had data to support ignoring the health &amp; safety of kids &lt;30% vaxxed during a pandemic it would be one thing, but in the absence of that ğŸ‘‡ğŸ»ğŸ‘‡ğŸ»

#COVID19 #OntEd #onpoli #KeepOurSchoolsSafe 

https://t.co/vHb6xlYXLN",,Twitter for iPhone
MÎ±thGÃ˜ddÑ”ss ğŸ”¥(NJ CD-3 & LD-8)ğŸ”¥,"New Jersey, USA","Your friendly neighborhood biostatistician. Come for the stats, stay for SJ attitude. #nomaskflashmob

Founder: Child Advocate Coalition LLC NJ - Be their voice",False,2022-04-27 12:44:51+00:00,"People wonder how the Tuskegee experiments happened. 
#InformedConsent 
#parentrights
#patientrights 
#consentlaws
#newjersey
#ourchildren
#fight4yourkidsNJ
#NoMoretesting
#COVID19 https://t.co/wMYzFC5ZBp","['InformedConsent', 'parentrights', 'patientrights', 'consentlaws']",Twitter for Android
Hilary @ DCS News,The Great State of California,"Keeping California county gov't on top of new developments, strategies & policies being pursued by fellow counties https://t.co/Xaki1f2N0L",False,2022-04-27 12:44:48+00:00,CA County News 26Apr2022 @ https://t.co/sCuAbGUFhD #CaCounties #CaGov #LocalGov #CountyGov #California #CAEconomy #CATransportation #CAEconomy #CAHousing #Covid19 #Coronavirus https://t.co/6uY4veBcox,"['CaCounties', 'CaGov', 'LocalGov', 'CountyGov', 'California', 'CAEconomy']",iContact's Social Tools
Matthew Taylor (Still Unbelievable! podcast),"Somerset, UK ","Still Unbelievable! #podcast, #thespian, #nullifidian, #atheist #developer #vegan, #science consumer, anti #BREXIT. #blacklivesmatter #ProVax",False,2022-04-27 12:44:48+00:00,"My experience of having COVID-19 was worse than the affects of my 3 Jabs. Adding my voice to the data. Take that antivaxxers!

#COVID19 #GetVaccinated",,Twitter Web App
Kumudhini,,Tweets are my own,False,2022-04-27 12:44:31+00:00,Not this govt #onpoli @fordnation only worried about upcoming elections @Sflecce doesn't care about children #COVID19 still a pandemic #MaskUp https://t.co/RRbaiKPPJp,['onpoli'],Twitter for Android
Emily C SomersğŸ’™,#PureMichigan,Prof @UMich | Epidemiologist | @LSHTM @JohnsHopkinsSPH alum | mom x3 girls | urban gardener | #epitwitter #lupus #autoimmunity #COVID19 {opin mine} ğŸ‡ºğŸ‡¸ğŸ‡¬ğŸ‡§ğŸŒ,False,2022-04-27 12:44:25+00:00,"To help â¬†ï¸test-to-treat utilization, check out this great patient page by my @UMich colleagues:
ğŸ‘‡
Oral Antiviral Medications for #COVID19
https://t.co/JRxmHfsznc via @JAMANetwork @lindsay_petty @PreetiNMalani @UM_IHPI @michaelmina_lab https://t.co/KzhN1SUKe4",,Twitter Web App
Nangle,,"Nanglers travel ethically & sustainably, write responsibly and enjoy hugely - explore the world by EV, on foot & on bike! PhD Pharmacology. No listings.",False,2022-04-27 12:44:24+00:00,"The #ToryLies and mismanagement of #Covid19 is finally coming home to roost. Too many have died &amp; NHS on its knees. While #healthcare professionals have to wear a mask, everyone else should in public spaces. 451 Dead yesterday. No where to log your positive LFT. #WearAMask https://t.co/aRb2QzPkNS https://t.co/npzTkTwLNX","['ToryLies', 'Covid19']",Twitter for iPhone
Nitin Kashimpuria,"Gurugram, India",Energy & Livestock Markets. Buy Side. 13+ yrs. Personal Finance. Views are my own. Tweets intended for information only. Retweets â‰  Endorsements.,False,2022-04-27 12:44:23+00:00,Chinese city of Changchun to lift Covid curbs gradually from Thursday â€“ state media #OOTT #ONGT #China #covid19,"['OOTT', 'ONGT', 'China', 'covid19']",TweetDeck
Zeinobia is fully vaccinated ğŸ’‰ğŸ’‰ğŸ’‰,Egypt,Egyptian Blogger / Journalist / Photographer. Keybase:@zeinobia. Just another talkative Egyptian RT is not Endorsement. My views do not represent my employer,False,2022-04-27 12:44:21+00:00,Latest #COVID19 updates from #Oman 14 New confirmed cases with #Covid19. #OmanVsCovid19 pic.twitter... via @24liveblog https://t.co/gzxRRluHEh,"['COVID19', 'Oman', 'Covid19', 'OmanVsCovid19']",24liveblog
Covid & Globe Apostate,"Kent, UK","Don't just distrust the MSM, keep a close eye on everyone. If you're a Freemason, media scum, controlled opposition or Decepticon, I will call you out.",False,2022-04-27 12:44:06+00:00,ğŸš¨Marianna Spring ğŸ¤¡is back! ğŸ˜’And this time she's not just upset with people who doubt the MSM about so-called #Covid19 and #CovidVaccines. She's also disturbed to hear some of you don't believe the official narrative about #RussiaUkraine.ğŸ˜‚#MorningLive https://t.co/JxcVpuSpfB,,Twitter Web App
Guy Fawkes ğŸ—½,,"The tyranny is real, we all have a duty to protect our freedom and our values.",False,2022-04-27 12:44:05+00:00,"#BorisJohnson has been proven a liar so often that we've lost count

Why is he still PM?

Why is he still allowed anywhere near British politics?

Why is he a free man?

We've lost our way as a nation

#COVID #COVID19 #China #CCP #CCPVirus #vaccines https://t.co/z5wnnGLmo5",['BorisJohnson'],Twitter for Android
Daily Banner App,"Gujarat, India","Daily Banner is auto creation Application of Festival, Quotes & Business Posters for all business.

Read More: https://t.co/WyFXZCFyJh",False,2022-04-27 12:43:57+00:00,"Whatever type of business you are in? One always wants to grow business. 
 #branding #marketingstrategies #Target #customers #identity #marketing #management #brand #brandawareness #advertising #targetmarketing #COVID19 #marketingperformance #influencermarketing #DailyGreetings https://t.co/2CdWajc78u https://t.co/tNz3Ycolov","['branding', 'marketingstrategies', 'Target']",Twitter Web App
Erwin Loh,"Melbourne, Victoria","Group Chief Medical Officer, St Vincent's Health Australia & Professor at Monash University, University of Melbourne & Macquarie University",False,2022-04-27 12:43:50+00:00,"During the #Omicron #COVID19 wave in  December 2021â€“February 2022, overall US #seroprevalence increased from 33.5% to 57.7%. Over the same period, seroprevalence increased from 44.2% to 75.2% among #children aged 0â€“11 years and from 45.6% to 74.2% among #â€¦https://t.co/KxjM7x375O","['Omicron', 'COVID19', 'seroprevalence']",LinkedIn
Raisina Dialogue,"New Delhi, India",Raisina Dialogue is a multilateral conference committed to addressing the most challenging issues facing the global community. Hosted by @orfonline & @MEAIndia.,True,2022-04-27 12:43:48+00:00,".@GeoffreyOnyeama: #Nigeria &amp; #India share a special relationship in this age of #globalisation. #India has a comparative advantage in the #health sector. Its role during the #COVID19 outbreak attests to this point. 

#Raisina2022 https://t.co/7n1FjcIXaF","['Nigeria', 'India', 'globalisation', 'India']",Twitter Web App
Idam Porul,"Tamilnadu, India",Anything Trending - Currently Globally - We have it for you here. Come and see your time flying in a jiffy.,False,2022-04-27 12:43:35+00:00,"Covid Vaccine For 6+ Year Old | Covid 19 | Covid Shield

https://t.co/kZ2zqCaSgm

#covid #covid19 India https://t.co/sS9F6FeIx5","['covid', 'covid19']",TweetDeck
Mediocre arranger of other people's flowers ğŸŒ¸,Philippines,Header photo: Untitled triptych (1991) by Futura 2000,False,2022-04-27 12:43:11+00:00,"It's not only acute #COVID19 that we have to worry about with more transmissible variants. For as long as you can get infected, you can develop #LongCovid. #COVIDisAirborne #CovidIsNotOver https://t.co/uUiAqLL6Dz",['COVID19'],Twitter for Android
Coronavirus Updates,,"COVID-19 (Coronavirus) Latest News & Statistics. We post updates 24/7 as they come in, all data is from https://t.co/XmYqcFcEtM - #Coronavirus #COVID19",False,2022-04-27 12:42:56+00:00,"430 new cases and 8 new deaths in China, Hong Kong SAR 

[14:42 GMT] #coronavirus #CoronaVirusUpdate #COVID19 #CoronavirusPandemic","['coronavirus', 'CoronaVirusUpdate', 'COVID19', 'CoronavirusPandemic']",COVID19-Updates
WHO Iraq,Iraq,Official Twitter account of the World Health Organization country office in Iraq.,True,2022-04-27 12:42:54+00:00,Read our latest #COVID19 situation report ğŸ‘‰ https://t.co/qV9qV6SNKG https://t.co/QKSzTQUyMB,['COVID19'],Twitter Web App
Brammall.,"GB: 52.485292,1.710161","Tweeting from the east coast. Interested in politics, the arts, sport, food and Norwich City FC.",False,2022-04-27 12:42:49+00:00,Sky News: https://t.co/IIFx4ybQtE A full COVID inquiry is needed asap to uncover all the lies and cover ups that took place and those who were guilty of them punished. #COVID19,,Twitter for Android
Tonksey ğŸ‡ªğŸ‡º #JohnsonTheCriminal #JohnsonOut,ğŸ‡©ğŸ‡ªğŸ´ó §ó ¢ó ³ó £ó ´ó ¿,"NomadğŸ‡¬ğŸ‡©ğŸ‡±ğŸ‡§ğŸ‡¸ğŸ‡¬ğŸ‡«ğŸ‡·ğŸ‡¹ğŸ‡·ğŸ´ó §ó ¢ó ·ó ¬ó ³ó ¿ğŸ‡¨ğŸ‡®ğŸ‡©ğŸ‡ªğŸ´ó §ó ¢ó ³ó £ó ´ó ¿Ex-military pilot & Barra'boy,ğŸ’™#Palestine #FollowBack #FBR #FBPPR #NHS #ClimateCrisis #BLM NoDMs",False,2022-04-27 12:42:45+00:00,"#Covid19: Discharging hospital patients to care homes 'unlawful'

Whatever laws this hideous Govtâ€™ have broken no one will take responsibility let alone be fired or prosecuted #JohnsonLiedPeopleDied #JohnsonOut https://t.co/itl2m3Bqo1",['Covid19'],Twitter for iPhone
Mexico Expat Living with Al & Patty,,Living The Mexico Expat Life,False,2022-04-27 12:42:45+00:00,@lbrownster very sad. Need this on the national stage. #longcovid may be the worst of all of #COVID19 when they look back 10 years from now. My doctor is sending me for work ups after my visit yesterday. Appears may have heart and lung damage already. ğŸ˜°,"['longcovid', 'COVID19']",Twitter Web App
AviationGhana,"Accra, Ghana",AviationGhana is the most credible source of aviation news in Ghana and the West Africa sub-region. It is the organiser of the annual Aviation Breakfast Meeting,False,2022-04-27 12:42:31+00:00,"Tap on the link in the bio to read more 
Visit https://t.co/FxNQQWmHQ6 to read more
AviationGhana 
#latestaviationstoriesinghana
#AviationGhana
#Aviationgh
#Aviation_gh
#Travels 
#Airlines 
#Tourism 
#ethiopianairline
#COVID19
#GlobalRecession
#InternationalMonetaryFund
#US https://t.co/R9E0JhSfCX",,Twitter for iPhone
Pakhi goyel,"Mumbai, India",Business standard news,False,2022-04-27 12:42:24+00:00,"Covid vaccination of eligible children a priority, PM Modi tells CMs

https://t.co/Uv5OMMmH4T

#COVID19  #coronavirus #CoronaVirusUpdates #childrenvaccination",['COVID19'],Twitter Web App
Andrew Pinto,"Toronto, Ontario",Direct @upstreamlab in @MAP_Health. @CIHR_IRSC Chair in Applied #PublicHealth. Associate Prof @UofTFamilyMed @UofT_dlsph @ihpmeuoft | #SDOH #upstream | he/him,False,2022-04-27 12:42:11+00:00,"Finally, she joined a meeting about an ambitious research study focused on #COVID19 treatments in #primarycare, meeting with colleagues across Canada led by @UofTFamilyMed @upstreamlab 

#FamilyMedicine can be a diverse and fulfilling career, with the right supports @FamPhysCan","['COVID19', 'primarycare']",Twitter Web App
Jan,,"Digital Partisaner 
Get Woke, Go Broke
OctaTor",False,2022-04-27 12:42:11+00:00,Some say that #COVID19 act like some #snakevenom that #attacks the host's #hereditary #diseases,"['COVID19', 'snakevenom', 'attacks', 'hereditary', 'diseases']",Twitter Web App
Edwin Dearborn ğŸ‡ºğŸ‡¸,"Las Vegas, NV & Motorcycles","Board Member with Three Highly Successful Corps | Author, Podcaster & Salty Marketeer | Liberty-Minded",False,2022-04-27 12:42:05+00:00,"Forging and falsifying Covid tests has now become a multi-million dollar insurance fraud case #TikTok https://t.co/PCXCyjm9yp

#COVID19 #CovidIsntOver",['TikTok'],Twitter for iPhone
Zeinobia is fully vaccinated ğŸ’‰ğŸ’‰ğŸ’‰,Egypt,Egyptian Blogger / Journalist / Photographer. Keybase:@zeinobia. Just another talkative Egyptian RT is not Endorsement. My views do not represent my employer,False,2022-04-27 12:42:01+00:00,"Latest #COVID19 updates from #UAE #UAE announces 212 new #COVID19 cases, 333 recoveries and no deat... via @24liveblog https://t.co/gzxRRluHEh","['COVID19', 'UAE', 'UAE', 'COVID19']",24liveblog
CosmeticOBS,"Paris, France",Lâ€™Observatoire des CosmÃ©tiques : le 1er pÃ´le d'informations et analyses indÃ©pendant dÃ©diÃ© aux cosmÃ©tiques. #CosmeticOBS #mÃ©dias #beautÃ© #cosmÃ©tique #pro,False,2022-04-27 12:41:46+00:00,"The impact of #Covid19 on the beauty #market.
The forecasting firm @KantarFR has just published its latest report in which it shows how the #beauty #industry has negotiated the recovery and what #trends have emerged.
#Review: https://t.co/jku5mLwter #cosmetics #skincare #news https://t.co/gbJDUN5sGa","['Covid19', 'market']",Twitter Web App
Cream Care ğŸ’š,"West Midlands, Staffordshire","We supply temporary Care Assistants & Support Workers into Nursing, Residential & Community settings throughout Staffordshire, Shropshire & the West Mids",False,2022-04-27 12:41:19+00:00,"Discharging untested COVID-19 patients to care homes was unlwaful - the High Court has ruled today. 
#covid19 
https://t.co/p6Vn5IA1xE",['covid19'],Twitter Web App
Guy Fawkes ğŸ—½,,"The tyranny is real, we all have a duty to protect our freedom and our values.",False,2022-04-27 12:41:06+00:00,"#China's #CCP are a genocidal regime from the middle ages

Granted power in return for riches for our corrupt politicians

They released #COVID19, and after multiple threats from #BillGates

Nothing would surprise me at this point

Except our continued inaction https://t.co/DeOTtUSPT3","['China', 'CCP']",Twitter for Android
Kumudhini,,Tweets are my own,False,2022-04-27 12:40:54+00:00,"@fordnation not only just abandoned #healthcare workers, he &amp; team abandoned #Ontarians #frontline workers #COVID19 still a pandemic. #MaskUp https://t.co/nUZ10RIYLe","['healthcare', 'Ontarians', 'frontline', 'COVID19']",Twitter for Android
Ashleigh Hewitt,uk,,False,2022-04-27 12:40:51+00:00,They should all hang their heads in fucking shame! A close relative of mine had to witness an outbreak of covid in the care home she works at. It was truly devastating ğŸ’” #Unlawful #ToryShambles #COVID19 https://t.co/xZ6XkTvS48,,Twitter for Android
sagarsabode,,I'm here just to track and  address the current covid situation. Left earlier this platform,False,2022-04-27 12:40:48+00:00,Urging Election Commission to declare elections to control the new #COVID19  surge.,['COVID19'],Twitter Web App
Dr. Jodie L. Guest,"Atlanta, GA","Professor, Vice Chair @EmoryEpi @EmoryRollins | therapy doodle mom | #Iditarod COVID Czar |@EmoryUniversity #COVID19 FB-live host| #epitwitter #LGBTQHealthConf",False,2022-04-27 12:40:47+00:00,@WilburLam - so fun to speak with you. Thank you for all youâ€™ve done to save lives and prevent more cases of #COVID19.,['COVID19'],Twitter for iPhone
UN Girls' Education Initiative,New York,Advancing gender equality in education and the empowerment of girls through the power of partnership.,True,2022-04-27 12:40:47+00:00,"""The impact of #COVID19 clearly shows our future if we don't invest in gender transformative education, and if we don't treat the learning crisis like the emergency it is."" 

@itsfarrahm reminds us why we must keep working on gender equality and education, now and in the future!",['COVID19'],Twitter Web App
the10thman,"Johannesburg, South Africa",A Dominant Theory Will Emerge And Become Conventional Wisdom,False,2022-04-27 12:40:22+00:00,...#COVID19 hold my beer https://t.co/Dci79SayX3,['COVID19'],Twitter for Android
Matt Fisher,"Westborough, MA",General Counsel @cariumcares. #HIPAA & #digitalhealth navigator. Host #HCdeJure; @abahealthlaw Secretary. Viewsâ‰ legaladvice,False,2022-04-27 12:40:00+00:00,#Medicare through #CMS changing some of the 2021 MIPS measures. May helps #physicians as #COVId19 continues to impact practice patterns. https://t.co/FVZPFa7W1z https://t.co/L2qsThTdpO,"['Medicare', 'CMS', 'physicians', 'COVId19']",TweetDeck
Economic Times,,"India's No. 1 Business Daily that brings you the latest #news updates | A Times Internet Product
https://t.co/znMsuw7b49",True,2022-04-27 12:40:00+00:00,"While active cases increased by 643 in a day and comprised 0.04 per cent of the total infections, the national #COVID19 recovery rate was recorded at 98.75 per cent.
https://t.co/iAISk57IQD",,TweetDeck
scroll.in,,"Quality journalism isn't cheap.Â Support https://t.co/dDlzkWD5yp. 
Here's how https://t.co/nJZ81DnHvp",True,2022-04-27 12:40:00+00:00,"1,621 schoolteachers in Uttar Pradesh died of 
#COVID19 last year, after carrying out election work.

For #CommonGround, @Johanna_Deeksha travelled to the state to meet some of their families, who are still struggling to comprehend their loss.

Read: https://t.co/Qn0FpMYtef https://t.co/bs8OlGaehM",['COVID19'],TweetDeck
The Epoch Times,"New York, USA","Independent, award-winning reporting based on Truth and Tradition. Free newsletter: https://t.co/0F3JANwb8P | Telegram: https://t.co/Hmk1epY4Kv | Watch: https://t.co/M1G2gEVJmq",True,2022-04-27 12:40:00+00:00,"Starting from the 2022 summer semester, the University of Cincinnati (@UofCincy) will no longer require students and employees to get #Vaccines against #COVID19. https://t.co/ZlDfwZJYaE",,Twitter Web App
Fortress Radio,,We are established to give colorful tunes and a definite ambiance to each day. We give you the needed strength and fortitude for the pursuit of a fruitful day.,False,2022-04-27 12:39:56+00:00,World Malaria Day 2022 - Celebrating An Epidemic: A Special Report #worl... https://t.co/6LDu70Q1cB via @YouTube #WorldMalariaDay #WorldMalariaDay2022 #healthylifestyle #Health #HealthyLiving #COVID19,['worl'],Twitter Web App
Zeinobia is fully vaccinated ğŸ’‰ğŸ’‰ğŸ’‰,Egypt,Egyptian Blogger / Journalist / Photographer. Keybase:@zeinobia. Just another talkative Egyptian RT is not Endorsement. My views do not represent my employer,False,2022-04-27 12:39:45+00:00,"Latest #COVID19 updates from #Tunisia #Tunisia: 9 #COVID19 deaths and 661 infections were logged in a week (April 18-24) from 9,579 tests, with a positivity rate of 6.... via @24liveblog https://t.co/gzxRRluHEh","['COVID19', 'Tunisia', 'Tunisia', 'COVID19']",24liveblog
Arjeta Ferati Gjikolli,Kosovo,"Monitoring and Evaluation Officer, UNICEF Kosovo Office",False,2022-04-27 12:39:40+00:00,"We always want to protect those we love, and vaccines help us do exactly that, whether it's routine immunization or #COVID19. #LongLifeForAll  #WIW2022 @NushiVlora are you and Tesa fully vaccinated as per regular immunization schedule? https://t.co/yzoPGHl0eH",,Twitter for iPhone
Lou Haley,Planet Earth .. for now!,is this how itâ€™s meant to be?ğŸ§,False,2022-04-27 12:39:39+00:00,@sickofitall2222 @MattHancock And WHYYYYY were autopsies stopped during the pandemic under the #CoronavirusAct #COVID19 ğŸ¤¨,"['CoronavirusAct', 'COVID19']",Twitter for iPhone
Guy Fawkes ğŸ—½,,"The tyranny is real, we all have a duty to protect our freedom and our values.",False,2022-04-27 12:39:25+00:00,"And most of them are now leaving #Twitter because their complicity will be revealed

#ElonMusk #COVID19 #COVID #China #CCP #vaccines #Russia #Ukraine https://t.co/YYJ7vFOKTN","['Twitter', 'ElonMusk', 'COVID19', 'COVID']",Twitter for Android
((( Consumer Protection ))),,Common Sense Advocate,False,2022-04-27 12:38:50+00:00,"Even though NO #COVID19 issue @liberal_party continues #HumanRightsViolations 

#cdnpoli #Toronto #bcpoli #quebec #abpoli #TOpoli #Onpoli @pierrepoilievre #sskpoli #Mbpoli #nbpoli #Canada #Nspoli #ontario #nlpoli #ndp #CPC @CandiceBergenMP @yfblanchet @jjhorgan @PremierScottMoe https://t.co/u16QHpBAox","['COVID19', 'HumanRightsViolations', 'cdnpoli', 'Toronto', 'bcpoli', 'quebec']",Twitter Web App
Jim,"Toronto, Ontario","Top news from around the world.

From an unapologetic Canadian who believes in Canadian economic independence, freedom of body, speech, religion and conscience.",False,2022-04-27 12:38:43+00:00,"Kind of like people who questioned pushing untested vaccines were labelled anti-vaxxers.

Or people who talked about Hunter Biden's laptop were conspiracy theorists.

#COVID19 #vaccines #VaccineSideEffects #HunterBiden #HunterBidenLaptop #ConspiracyTheories https://t.co/QhTnYzxHt7",,Twitter for Android
maverickdentdocÂ©ï¸ Ù†Ú©Ú¾Ù„,"Noida, India","#dentist OWNER @shopeasyev @akshaturja #amorfati #publicspeaker #startupguide A ltl bit of evrythng is OKğŸ¤˜ğŸ½ #Luvhppns,RT R'nt endrsmnt,Luv MY Friend ğŸ‘¬",False,2022-04-27 12:38:30+00:00,"@PTI_News Last time it was â€œAisi Inhouse Ki baatein ..LIVE nahi Ki jaani Chahiye..yehh protocol k bahar haiâ€

Actually #Kejriwal ji was relaxed to see such efficient nd serious PM who walks the Talks 
A Meeting abt #COVID19 ended up in #petrolPrice n #tax reduction âœŒğŸ½ğŸ¤£",,Twitter for iPhone
LatestLY,"Mumbai, India","https://t.co/UVDtERUJlr focuses on the What, When, Who and How of a trending story, and helps readers with analyses that go beyond the domain of news.",True,2022-04-27 12:38:12+00:00,"PM Narendra Modi Stresses on â€˜Test, Track and Treatâ€™ With Same Efficacy To Tackle COVID-19 Surge
https://t.co/rUHqihkJ8Z
#NarendraModi #Coronavirus #COVID19 #Pandemic @narendramodi @PMOIndia",,TweetDeck
Keisha Blair HolisticWealth,"Ottawa, Ontario",Author of the HOLISTIC WEALTH series. Holistic Wealth Podcast host. Preorder the all NEW HOLISTIC WEALTH EXPANDED AND UPDATED: https://t.co/PhNVGmF9y6,False,2022-04-27 12:38:11+00:00,"Thank you @thelauracoates for having me on as a guest on the Laura Coates Show @SXMPOTUS @SIRIUSXM to discuss #inflation economic recovery, #futureofwork employment and #HolisticWealth - some of the most important issues facing us during #COVID19.",,Twitter for iPhone
Adeline Dugerdil,Suisse,Physician specialized in internal medicine ğŸ‘©ğŸ»â€âš•ï¸ (@ISG_UNIGE & @Hopitaux_unige) - Student in public health ğŸ‘©ğŸ»â€ğŸ“ - Tweets express my views - ğŸ’™ğŸ’›ğŸ•Š,False,2022-04-27 12:38:02+00:00,"3/3 â€“ Northern Ireland (R-eff=0.86), Scotland=0.75 and England=0.70 are landing towards their #COVID19 safety zones, with medium to high levels of activity and with very low to medium mortality, for 7 more days. https://t.co/3qWHq9Nq2q",['COVID19'],Twitter Web App
Adeline Dugerdil,Suisse,Physician specialized in internal medicine ğŸ‘©ğŸ»â€âš•ï¸ (@ISG_UNIGE & @Hopitaux_unige) - Student in public health ğŸ‘©ğŸ»â€ğŸ“ - Tweets express my views - ğŸ’™ğŸ’›ğŸ•Š,False,2022-04-27 12:38:01+00:00,"2/3 â€“ Wales (7.98 new cases/100K pop/7 days) will remain in its #COVID19 safety zone, with low mortality, for 7 more days. https://t.co/1GA9lDYPE0",['COVID19'],Twitter Web App
Adeline Dugerdil,Suisse,Physician specialized in internal medicine ğŸ‘©ğŸ»â€âš•ï¸ (@ISG_UNIGE & @Hopitaux_unige) - Student in public health ğŸ‘©ğŸ»â€ğŸ“ - Tweets express my views - ğŸ’™ğŸ’›ğŸ•Š,False,2022-04-27 12:38:00+00:00,"1/3 â€“The UK is landing towards its #COVID19 safety zone (R-eff=0.73) reaching 7,991 new cases, 577 deaths daily by May 03, if incidence continues at the same rate.

Forecasts for nations: Apr 27 â€“ May 03.
â¡ï¸https://t.co/xBQ1kvJXwFâ¬…ï¸
Powered by @ISG_UNIGE &amp; @SDSCdatascience https://t.co/y73jYn6wNl",['COVID19'],Twitter Web App
Abaris,Hants,"Would appear on Blogger (did originally),  but I don't do Bragging Rights (they want you to sell-your-soul nowadays),  find out by viewing posts, thank you.",False,2022-04-27 12:37:59+00:00,@FoxNews @Caitlyn_Jenner The Coming Storm from Forbidden America #QAnon #FakeNews #OurBodies #Covid19 #CanadaTruckers #ProudBoys #NineEleven #Intersectionalities #ECHOE #MUFON #BlueRose #LoS #Twitter #Censorship https://t.co/kssho97N5Z #Arafel https://t.co/nEHa603O07,"['QAnon', 'FakeNews', 'OurBodies', 'Covid19']",Twitter Web App
"Tom Greene, Writer","Atlanta, GA",I write groundbreaking articles for curious people who want to cut through the bullshit. Stories to enlighten and entertain. Join 500K readers around the world,False,2022-04-27 12:37:55+00:00,Did you know people are jumping to their deaths in Shanghai. Article on my website. #ChinaLockdown #COVID19 #blog #MentalHealthMatters https://t.co/QH6vK7VqLK,"['ChinaLockdown', 'COVID19', 'blog']",Twitter for iPhone
Frederick National Laboratory,"Frederick, MD","National #biomedical #research resource w/ focus on #cancer, #AIDS, & #infectious diseases. Currently operated by Leidos Biomedical Research for @theNCI.",True,2022-04-27 12:37:37+00:00,This is a valuable part of the #SeroNet efforts--sharing findings related to #COVID19 immune response with the scientific community. https://t.co/GtFwAYO3m7,"['SeroNet', 'COVID19']",TweetDeck
Andrew Pinto,"Toronto, Ontario",Direct @upstreamlab in @MAP_Health. @CIHR_IRSC Chair in Applied #PublicHealth. Associate Prof @UofTFamilyMed @UofT_dlsph @ihpmeuoft | #SDOH #upstream | he/him,False,2022-04-27 12:37:10+00:00,"Yesterday in my clinic at our amazing Family Health Team @UnityHealthTO, I hosted a 1st year med student from @uoftmedicine. She was able to see care for people with multiple complex health issues, HIV, #COVID19 and even a well-baby with a fantastic PGY1!

2/3",,Twitter Web App
Amesh Adalja,"Pittsburgh, Baltimore, NYC","Infectious disease MD (also CCM & EM)working on pandemic policy, emerging infections, preventing bioterror https://t.co/1yNUzIwLQJ",True,2022-04-27 12:36:16+00:00,At about 8:45 am eastern Iâ€™ll be discussing the latest on #COVID19 with @ArleneBynonShow @SXMCanadaTalks on Sirius/XM radio channel 167,['COVID19'],Twitter for iPhone
Liam,"Fairfield, Ct",Glad #PutinsPuppet is no longer in the White House.  CTYankee on Counter #UnFoxMyCableBox,False,2022-04-27 12:36:02+00:00,"For the past two years COVID-19 has been the leading cause of death for law enforcement officers in the United States:
What an Unvaccinated Sergeant Who Nearly Died of COVID Wants You to Know: #GetVaccinated â€¦https://t.co/gmqeNZWggA via @Yahoo #COVID19 #GetVaxxed",,Twitter for iPhone
National Health Mission Manipur,,"Official Twitter Account of National Health Mission, Manipur",False,2022-04-27 12:35:38+00:00,Manipur: #COVID19 updates https://t.co/KEk7vRiwdb,['COVID19'],Twitter for Android
LaC Med,,Raccontare la PAC e il suo impatto sul Mezzogiorno e il Mediterraneo. LaC Med: be mediterranean! Co-financing by @EUAgri,False,2022-04-27 12:35:35+00:00,"EU_Commission: If we want to protect our health whilst keeping our society and economy open and resilient, we must take decisions now.  

Today, we call on EU countries to step up preparedness for the next #COVID19 pandemic phase before autumn.  

#HealthUnion",,IFTTT
The Health Research Authority,,Protecting and promoting the interests of patients and public in health and social care research. Supporting the UK research response to the COVID-19 pandemic.,True,2022-04-27 12:35:29+00:00,"Are you relying on the Control of Patient Information (COPI) notice to process confidential patient information for #COVID19?

It's time to plan for more permanent support. â°

Read our transition guidance and contact us by 5 May cag@hra.nhs.uk ğŸ“©
https://t.co/VVAVCqfXl1 https://t.co/9OXjOdqgxL",,Twitter Web App
The Peninsula Qatar,Qatar,"News you can trust. Local Focus Global Vision. 
The official account of The Peninsula, a Qatari English daily newspaper.",True,2022-04-27 12:35:23+00:00,"MoPH reports 50 Covid-19 cases in Qatar on April 27
#Qatar #Doha #COVID19 
https://t.co/vJbXGUnXsS https://t.co/hRfu8R4cwk","['Qatar', 'Doha', 'COVID19']",Twitter Web App
EUScience&InnovationğŸ‡ªğŸ‡º,European Union,"Official account of DG Research & Innovation @EU_Commission, managing @HorizonEU & implementing Commissioner @GabrielMariya strategy. Follow also @JEPaquetEU",True,2022-04-27 12:35:13+00:00,"ğŸ†•Timely data is ğŸ”‘ in the EUâ€™s transition towards the next #COVID19 phase!

Findable, Accessible, Interoperable &amp; Reusable (FAIR) data can fast track the implementation of research &amp; public health responses to ongoing/future outbreaks.

ğŸ’¡Discover more! ğŸ‘‰https://t.co/4qXJNWSMih https://t.co/2xBW9v68p6",['COVID19'],Twitter Web App
Eric Mamer,Brussels,Chief spokesman @vonderleyen Commission. En franÃ§ais sur @MamerEric2,True,2022-04-27 12:35:07+00:00,"Entering the next phase of the #COVID19 pandemic, we need to continue protecting public health. 
But also keep our society &amp; economy open and resilient.
Today @EU_Commission proposes new actions to do so â¤µï¸ https://t.co/ouxJk7eLRe",['COVID19'],Twitter Web App
Yicai Global ç¬¬ä¸€è´¢ç»,"Shanghai, China","Provides news coverage on Chinaâ€™s economy, businesses, markets and TMT sector. ä¸­å›½æœ€å¤§è´¢ç»åª’ä½“ç¬¬ä¸€è´¢ç»è‹±æ–‡èµ„è®¯æœåŠ¡çš„å®˜æ–¹è´¦å·",True,2022-04-27 12:35:03+00:00,"Xinhua Pharma Soars as Chinese Drugmaker Gets Rights to Make, Sell Candidate #COVID19 Pill https://t.co/QayoSoVS8k https://t.co/2i3kQM4udy",['COVID19'],Buffer
Adeline Dugerdil,Suisse,Physician specialized in internal medicine ğŸ‘©ğŸ»â€âš•ï¸ (@ISG_UNIGE & @Hopitaux_unige) - Student in public health ğŸ‘©ğŸ»â€ğŸ“ - Tweets express my views - ğŸ’™ğŸ’›ğŸ•Š,False,2022-04-27 12:34:41+00:00,"6/6 â€“ By May 03, forecasted weekly average of #COVID19 cases:
&gt;50 cases/100Kpop in Ontario
&lt;50 in British Columbia, Manitoba, Saskatchewan, New Brunswick, Nunavut

Highest R-eff in British Columbia (1.09)
Lowest R-eff in Newf. &amp; Lab. (0.79)",['COVID19'],Twitter Web App
Adeline Dugerdil,Suisse,Physician specialized in internal medicine ğŸ‘©ğŸ»â€âš•ï¸ (@ISG_UNIGE & @Hopitaux_unige) - Student in public health ğŸ‘©ğŸ»â€ğŸ“ - Tweets express my views - ğŸ’™ğŸ’›ğŸ•Š,False,2022-04-27 12:34:40+00:00,"5/6 â€“ By May 03, forecasted weekly average of #COVID19 cases:
&gt;900 cases/100Kpop in Prince Edward Island
&gt;800 in Nova Scotia
&gt;200 in Yukon
&gt;100 in Quebec, Alberta, Newfoundland &amp; Labrador, Northwest Territories",['COVID19'],Twitter Web App
Adeline Dugerdil,Suisse,Physician specialized in internal medicine ğŸ‘©ğŸ»â€âš•ï¸ (@ISG_UNIGE & @Hopitaux_unige) - Student in public health ğŸ‘©ğŸ»â€ğŸ“ - Tweets express my views - ğŸ’™ğŸ’›ğŸ•Š,False,2022-04-27 12:34:40+00:00,"4/6 â€“ 3 Provinces and 1 Territory are either increasing or (plateauing) in #COVID19 epidemic activity, with no to high mortality, for 7 more days.
e.g.:
British Columbia (R-eff=1.09), medium mort.
Nova Scotia=1.05, medium mort.
(Yukon=1.04, no mort.)
(Alberta=1.00, high mort.) https://t.co/0Shli5JV6Q",['COVID19'],Twitter Web App
Adeline Dugerdil,Suisse,Physician specialized in internal medicine ğŸ‘©ğŸ»â€âš•ï¸ (@ISG_UNIGE & @Hopitaux_unige) - Student in public health ğŸ‘©ğŸ»â€ğŸ“ - Tweets express my views - ğŸ’™ğŸ’›ğŸ•Š,False,2022-04-27 12:34:39+00:00,"3/6 â€“ 4 Provinces and 1 Territory are [slowly] landing towards their #COVID19 safety zones, with no to very high mortality, for 7 more days.
e.g.:
[Quebec (R-eff=0.90), high mort.]
Northwest T.=0.85, no mort. 
Ontario=0.83, medium mort. 
Newf. &amp; Lab.=0.79, very high mort. https://t.co/vLaEfIwn9A",['COVID19'],Twitter Web App
Adeline Dugerdil,Suisse,Physician specialized in internal medicine ğŸ‘©ğŸ»â€âš•ï¸ (@ISG_UNIGE & @Hopitaux_unige) - Student in public health ğŸ‘©ğŸ»â€ğŸ“ - Tweets express my views - ğŸ’™ğŸ’›ğŸ•Š,False,2022-04-27 12:34:38+00:00,"2/6 â€“ 3 Provinces and 1 Territory will remain in their #COVID19 safety zones, with no expected mortality, for 7 more days:
Manitoba (11.27 new cases/100K pop/7 days)
Saskatchewan (9.73 new cases/100K pop)
Nunavut (&lt;1 new cases/100K pop)
New Brunswick (&lt;1 new case/100K pop)",['COVID19'],Twitter Web App
Canadian Chris,,A concerned Canadian trying to piece together a semblance of credible news directly from intelligent outspoken people. Fight power not people. Opinions my own,False,2022-04-27 12:34:38+00:00,"Here's a story @cbc @globalnews 
Pfizer's SEC filing:  ""the risk that more widespread use of the vaccine .. will lead to new information about efficacy, safety .. , including the risk of additional adverse reactions, some of which may be serious"" #COVID19
https://t.co/NqkNUEunYh",,Twitter for Android
Adeline Dugerdil,Suisse,Physician specialized in internal medicine ğŸ‘©ğŸ»â€âš•ï¸ (@ISG_UNIGE & @Hopitaux_unige) - Student in public health ğŸ‘©ğŸ»â€ğŸ“ - Tweets express my views - ğŸ’™ğŸ’›ğŸ•Š,False,2022-04-27 12:34:37+00:00,"1/6 â€“ Canada is slowly landing to its #COVID19 safety zone (R-eff=0.93) with 7,775 new cases, 81 deaths daily by May 03, if incidence continues at same rate.

Forecasts for Provinces/Territories: Apr 27 â€“ May 03
â¡ï¸https://t.co/1tIIDGJQHqâ¬…ï¸
Powered by @ISG_UNIGE &amp; @SDSCdatascience https://t.co/ogKT1FDPWM",['COVID19'],Twitter Web App
Guy Fawkes ğŸ—½,,"The tyranny is real, we all have a duty to protect our freedom and our values.",False,2022-04-27 12:34:22+00:00,"@CBlighty It can be confusing to know who to support these days

But if you see people, who've been paid to lie to you for the last 2 years, deleting #Twitter

You know #ElonMusk buying it is hugely positive for society

#COVID #COVID19 #Ukraine #China #CCP #ElonMuskTwitter",,Twitter for Android
Guy Fawkes ğŸ—½,,"The tyranny is real, we all have a duty to protect our freedom and our values.",False,2022-04-27 12:34:16+00:00,"It can be confusing to know who to support these days

But if you see people, who've been paid to lie to you for the last 2 years, deleting #Twitter

You know #ElonMusk buying it is hugely positive for society

#COVID #COVID19 #Ukraine #China #CCP #ElonMuskTwitter https://t.co/cJi0nUv9NH",,Twitter for Android
Mediocre arranger of other people's flowers ğŸŒ¸,Philippines,Header photo: Untitled triptych (1991) by Futura 2000,False,2022-04-27 12:33:22+00:00,Are health authorities tracing all people that she got in contact with? Or have we completely given up on that? #COVID19 #COVID19PH #COVIDisAirborne #CovidIsNotOver https://t.co/JlNCUJFa4I,,Twitter for Android
Erwin Loh,"Melbourne, Victoria","Group Chief Medical Officer, St Vincent's Health Australia & Professor at Monash University, University of Melbourne & Macquarie University",False,2022-04-27 12:33:17+00:00,"#Tixagevimab/#cilgavimab (#Evusheld) is a neutralising #monoclonalantibody combination hypothesized to improve outcomes for hospitalised #COVID19 patients. A new phase 3, blinded, randomised, placebo-controlled trial #RCT found that among patients hospitaâ€¦https://t.co/kRNN2jG2iQ","['Tixagevimab', 'cilgavimab', 'Evusheld', 'monoclonalantibody']",LinkedIn
Policybazaar,"Gurgaon, India",Policybazaar brings an unbiased comparison of #financial services from all major #insurance companies to our customers. For complaints & Queries - @PBHelpDesk,True,2022-04-27 12:32:55+00:00,"If you still havenâ€™t got a Health Insurance plan, now is the time! 
Secure yourself and your loved ones with the plan of â‚¹1 crore* starting at just â‚¹400* per month.

#policybazaar #insurance #healthinsurance #health #COVID19 #COVID #30minutesclaimassistance https://t.co/Gy8GcDGwva",,Twitter for iPhone
Ajmera Retail Pvt. Ltd.,Lucknow,"ğŸ¬| Franchise of @ajmerafashion 
ğŸŒ| One Stop Shop For Lucknow
ğŸ‘—| Saree | Lehenga | Gown & Much More..
ğŸ“¸| Use #SpottedinAjmera
ğŸ›ï¸| Shop Now â¬‡ï¸",False,2022-04-27 12:32:51+00:00,"You even wish to look this radiant?
ğŸ“ +91 9956711333
https://t.co/wsnFb2eqSY
#Bechari #ChampionsLeague #ChotiBachiHoKya #COVID19 #ElonMusk #ElonMuskBuyTwitter #FuelPrice #Qatar2022","['Bechari', 'ChampionsLeague']",Twitter Web App
MaskUp Mama - Mask Up & Stop Covid-19 Spread!,Not Where You Think,"Vaxx Children | Vaxx x3 | Covid 0 | Wear N95, KF94, KN95, Flo Mask - STOP SPREAD | Eclectic Musings on Homeschooling, Suzuki Violin | Trolls Gleefully Expunged",False,2022-04-27 12:32:45+00:00,"Just ordered the adult Flo Mask! Won't lie, cost a pretty penny as I'm in Sydney but the peace of mind it gives is beyond measure. I can now fly back to Singapore confident despite #COVID19 in the air.

#flomask #CovidIsNotOver #COVIDisAirborne #MaskUp 

 https://t.co/kdwv5gUHVe",,Twitter Web App
Daily Banner App,"Gujarat, India","Daily Banner is auto creation Application of Festival, Quotes & Business Posters for all business.

Read More: https://t.co/WyFXZCFyJh",False,2022-04-27 12:32:45+00:00,"Whatever type of business you are in? One always wants to grow business. 
 #branding #marketingstrategies #Target #customers #identity #marketing #management #brand #brandawareness #advertising #targetmarketing #COVID19 #marketingperformance #influencermarketing #DailyGreetings https://t.co/1N6cGrQgK8","['branding', 'marketingstrategies', 'Target']",Twitter Web App
Anand Baria,London,ğŸ’¥ğŸš€ğŸª #SHIB,False,2022-04-27 12:32:38+00:00,"I should just quit my job then and start exploitingâ€¦ 
#COVID19 
Covid loans https://t.co/wKo03eBZlX",['COVID19'],Twitter for iPhone
China Xinhua News,"Headquartered in Beijing, PRC","We are public media for the public good. We don't pursue corporate interests, nor will we yield to the pressure of ideological stigmatization and political bias",True,2022-04-27 12:32:30+00:00,Beijing reported 42 locally transmitted confirmed #COVID19 cases and four asymptomatic cases between 4 p.m. Tuesday and 3 p.m. Wednesday https://t.co/aXF9iJeinW https://t.co/rMiPA4sYAf,['COVID19'],China Xinhua News
Nigam Dikshit,New Delhi,"A person who fits in to every outline, flexible in modification, mature with assessment and frank character, a trustworthy; having respect for everyone.",False,2022-04-27 12:32:27+00:00,#PrimeMinister interacts to #ChiefMinisters amidst the rise of #Covid19 cases.... And see the body language of #DelhiCM. https://t.co/mj1qkZBeOr,"['PrimeMinister', 'ChiefMinisters', 'Covid19']",Twitter for Android
Mediocre arranger of other people's flowers ğŸŒ¸,Philippines,Header photo: Untitled triptych (1991) by Futura 2000,False,2022-04-27 12:32:27+00:00,"Here we go, unfortunately. #COVID19 #COVID19PH #COVIDisAirborne #CovidIsNotOver https://t.co/OHwWuGaTwk","['COVID19', 'COVID19PH', 'COVIDisAirborne', 'CovidIsNotOver']",Twitter for Android
scroll.in,,"Quality journalism isn't cheap.Â Support https://t.co/dDlzkWD5yp. 
Here's how https://t.co/nJZ81DnHvp",True,2022-04-27 12:32:26+00:00,"Kerala makes wearing masks compulsory in public places amid rise in #COVID19 cases

Those found violating the mandate will be punished under the provisions of the Disaster Management Act.

https://t.co/SlzEFUawr1",['COVID19'],Twitter Web App
Renee Hoffman / Get Vaccinated & Wear A Mask! ğŸ˜·,"Houston, Texas","#Terrorists can get govt aid but my hubby an AMERICAN, worked the SAME JOB 30yrs, got hurt & is now DISABLED can't. #WTH @Enterprise / Twitch: Reneeh12661",False,2022-04-27 12:32:24+00:00,Yet again the US is a Red Sea of #COVID19. Just because you choose to ignore it doesnâ€™t mean itâ€™s gone away. Numbers are up in 35 states &amp; hundreds are still dying daily. People care more about their perceived freedom than they do about their own lives. #CovidIsNOTOver https://t.co/mRjV8r4yP6,['COVID19'],Twitter for iPhone
TellYourParentsYouâ¤ï¸â€ğŸ©¹Them,,ğŸŒ¬Why be afraid to question anything & anyone; the majority may say youâ€™re immoral; that's ok; humans love to pivot the narrative. ğŸ‡®ğŸ‡±OEF VI VII XI XII XIVğŸ‡ºğŸ‡¸,False,2022-04-27 12:32:22+00:00,"@IUsa2021 @US_FDA @rumblevideo @TimRunsHisMouth Yep, agreed! And not ONE American with w/a huge Platform dares speak up for #EqualityInHealthCare via #COVID19 vaccine like  #COVAXIN ##Novavax is a Shame!

@elonmusk @TimRunsHisMouth @WSJ @DrAyguenSahin @BernieSanders @disclosetv @nytimes @RepThomasMassie @EvaVlaar @DineshDSouza https://t.co/UzkQHvLuz2",,Twitter for iPhone
Asfand yaar,,"Order Now For Any Photoshop Editing and Graphic Design Job Only $5 #Fiverr Click HereğŸ‘‡
https://t.co/wJhygdc8oLâ€¦",False,2022-04-27 12:32:20+00:00,"For more: https://t.co/VJJgsDZWRE

 #womenintech #100DaysOfCode #100DaysOfCode #CamilaCabello #Python #patagonia #F4ThailandEP7 #Bitcoin #BigBrotherMzansi #BTC #BBMzansi #F4ThailandEP7 #jeru #PrayforRayan #freelance #GraphicDesign #COVID19 #fiverrgigs https://t.co/VlY78GGLF4","['womenintech', '100DaysOfCode', '100DaysOfCode', 'CamilaCabello', 'Python', 'patagonia']",Twitter Web App
Tom Good ğŸ’šğŸ´ó §ó ¢ó ·ó ¬ó ³ó ¿â„ï¸â“‹ ğŸ‡ºğŸ‡¦,"Tethers End, Pontypandy, Wales","Often wrong, sometimes right, usually left.  Ashamed of Tory UK Govt. #GTTO #ProPR. ""Woke?"" Arthritic hipster. 
ğŸ’• = ğŸ‘ğŸ‡ğŸ´ğŸ•ğŸŒ³ğŸ¦ğŸ¦¡ğŸ¥¦ğŸºğŸ¸ğŸµğŸ‰ğŸ",False,2022-04-27 12:32:18+00:00,"Hi @LBC @ShelaghFogarty it would not surprise me to find that the PM has prorogued parliament early so that no further awkward questions can be asked about their shameful handling of #COVID19 this week. The only protective ring they've put in place is around Johnson, Hancock etc",,Twitter Web App
jjvors,Peoria IL,"#Author @AndyZach2 Science,  humor & Christianity. Free books: https://t.co/sm8oWcciB0â€¦ Books: https://t.co/L2AaiLEYhk",False,2022-04-27 12:32:16+00:00,"CNN: #Chinese officials are 'painfully aware' of economic fallout from lockdowns: European Chamber President. #COVID19
https://t.co/Pbd3XF0OFz

via @GoogleNews",['Chinese'],Twitter for Android
Viking447 US/ofA,,just a non-descript american.,False,2022-04-27 12:32:10+00:00,Two years since #COVID19 hit the streets and not only am I still unvaccinated I'm still also very much alive. Haven't caught it one time. Even the Uber variants. Since I don't live underground and I interact with people every day... Kinda sus about the whole thing.,['COVID19'],Twitter for Android
Studio2615,,A fine art studio specialising in peaceful and beautiful landscape paintings that drag you straight in to these glorious places. DM for purchase details.,False,2022-04-27 12:32:08+00:00,Why isnâ€™t the AUSTRALIAN GOVERNMENT admitting to completely waned vaccine efficacy post booster? 2o weeks now after my booster I have almost zero protection against symptomatic infection of #COVID19 https://t.co/lqkxQmmUVW via @YouTube #auspol https://t.co/rCxhONGhPw,,Twitter for iPad
Abaris,Hants,"Would appear on Blogger (did originally),  but I don't do Bragging Rights (they want you to sell-your-soul nowadays),  find out by viewing posts, thank you.",False,2022-04-27 12:32:05+00:00,@democracynow The Coming Storm from Forbidden America #QAnon #FakeNews #OurBodies #Covid19 #CanadaTruckers #ProudBoys #NineEleven #Intersectionalities #ECHOE #MUFON #BlueRose #LoS #Twitter #Censorship https://t.co/kssho97N5Z https://t.co/PA2Rh9C1Dk,"['QAnon', 'FakeNews', 'OurBodies', 'Covid19', 'CanadaTruckers']",Twitter Web App
covid_vaccinebot,,A bot that reports on Global Coronavirus (COVID-19) Vaccinations from the @OurWorldInData dataset. Bot by biomed PhD Student @ErasmusMC,False,2022-04-27 12:32:01+00:00,"ğŸŒ Global COVID-19 vaccine rollout

ğŸŸ©ğŸŸ©ğŸŸ©ğŸŸ©ğŸŸ©ğŸŸ©ğŸŸ©ğŸŸ©ğŸŸ©â¬œâ¬œâ¬œâ¬œâ¬œâ¬œ 65.14% (estimate)

Vaccine doses deployed: 11.5B
The rollout seems to be speeding up

#COVID19 #EpiTwitter #Vaccination #PublicHealth https://t.co/kISfZVmEqQ",,Covid Vaccine Rollout Bot
Rising Kashmir,Srinagar,"Official Twitter feed of Rising Kashmir, Kashmir's No. 1 English Daily Newspaper owned by Kashmir Media House. Submissions to editpage@risingkashmir.com",True,2022-04-27 12:32:00+00:00,"As #COVID19 cases rise, experts say though #symptoms are mild, maintain #caution

https://t.co/2VWIrjclxG","['COVID19', 'symptoms', 'caution']",Twitter for Android
Guy Fawkes ğŸ—½,,"The tyranny is real, we all have a duty to protect our freedom and our values.",False,2022-04-27 12:31:58+00:00,"State tyranny is undeniable

#COVID19 #COVID #China #CCP #CCPVirus #vaccines #Masks #vaccinated #Ukraine #Russia https://t.co/7d84oB8zRL","['COVID19', 'COVID', 'China', 'CCP', 'CCPVirus', 'vaccines', 'Masks', 'vaccinated', 'Ukraine', 'Russia']",Twitter for Android
ShanghaiEyeğŸš€official,Shanghai,AI anchor #ç”³ä’•é›… from #DragonTVğŸƒæ­£ç»å‰¯ä¸šã€ç”³ä’•é›…_å°é›…Officialçš„ä¸ªäººç©ºé—´-å“”å“©å“”å“©ã€‘ https://t.co/cRLWLriORWğŸ™ï¸å¥³é­”å¤´â¤ï¸SHé­”éƒ½,True,2022-04-27 12:31:53+00:00,Both the White House Press Secretary Jen Psaki and White House #COVID19 response coordinator Ashish Jha underscored that it is possible that President #JoeBiden will get COVID-19. https://t.co/5gZjDrYWgF,['COVID19'],Twitter Web App
ShanghaiEyeğŸš€official,Shanghai,AI anchor #ç”³ä’•é›… from #DragonTVğŸƒæ­£ç»å‰¯ä¸šã€ç”³ä’•é›…_å°é›…Officialçš„ä¸ªäººç©ºé—´-å“”å“©å“”å“©ã€‘ https://t.co/cRLWLriORWğŸ™ï¸å¥³é­”å¤´â¤ï¸SHé­”éƒ½,True,2022-04-27 12:31:51+00:00,"#US Vice President #KamalaHarris tested positive for #COVID19 on rapid and PCR tests on Tuesday, her spokesperson said. https://t.co/WZDGH3IVvL","['US', 'KamalaHarris', 'COVID19']",Twitter Web App
European Commission ğŸ‡ªğŸ‡º,"Brussels, Belgium",News and information from the European Commission. Social media and data protection policy: https://t.co/yDBQAPJjAt,True,2022-04-27 12:31:45+00:00,"If we want to protect our health whilst keeping our society and economy open and resilient, we must take decisions now.  

Today, we call on EU countries to step up preparedness for the next #COVID19 pandemic phase before autumn.  

#HealthUnion",,Twitter for Advertisers
TheNews21,"Mumbai, India","It covers regional & federal politics, foreign affairs apart from sports, entertainment, business, tech. Follow Founder Editor @vivekbhavsar",False,2022-04-27 12:31:35+00:00,"PM Modi says COVID challenge is not yet over, appeals people to remain alert; Interacts with state CMs on Covid situation in the country
#COVID19 #Modi #UddhavThackeray #Maharashtra #coronavirus 
https://t.co/sdyiIY7Epj",,Twitter Web App
Turing-RSS Health Data Lab,,"@turinginst, @RoyalStatSoc supporting @UKHSA. Statistical modelling and machine learning for current and future health surveillance.",False,2022-04-27 12:31:31+00:00,"Our next international lecture is tomorrow at 2pm BST

Understanding SARS-CoV-2 transmission using a national survey by Professor Christl Donnelly

You can still register: https://t.co/lSAY0SkC8O

@turinginst @RoyalStatSoc @UKHSA #Health #statistics #COVID19 #DataScience",,Twitter Web App
EC AV Service,Brussels,Welcome to the @EU_CommissionÂ´s Audiovisual Service! We offer EU news and AV archives online and via Europe by Satellite (EbS),True,2022-04-27 12:31:27+00:00,"ğŸ”´ LIVE â° NOW
ğŸ“Œ Press conference by Commissioner @SKyriakidesEU on preparing and responding to #COVID19 in the future ğŸ¦ 

ğŸ“º https://t.co/Tsiq8KW8QC",['COVID19'],Twitter Web App
The Leaflet,India,"An independent platform for cutting-edge, progressive, legal & political opinion. Write to us at editorial@theleaflet.in",True,2022-04-27 12:31:21+00:00,"Regulation of private hospitals during COVID gets a â€˜boosterâ€™ of social accountability

#COVID19 #healthcare 
https://t.co/fT1hrB5Wcs","['COVID19', 'healthcare']",Twitter Web App
TN State Data Center,"Knoxville, Tennessee","@TN_SDC provides access and education on timely demographic and economic data for citizens, businesses, and government agencies of TN. Housed in @UTBoydCenter.",False,2022-04-27 12:31:18+00:00,"What trends will drive #Tennessee population change in the coming decades? Join @UTBoydCenter Associate Professor Matt Harris (@BigOrangeEcon) to learn about the data inputs, effect of the #COVID19 pandemic on the projections and plans for future updates: https://t.co/729sGKoBpu https://t.co/ipuLoi9GL4",['Tennessee'],Twitter Web App
Paul J McDuffie,Odum Ga,"Christian.Husband.Father,American",False,2022-04-27 12:31:06+00:00,"Many innocent people died, because of greedy politicians, and disinformation allowed, and the truth was masked! @elonmusk #COVID19 the big lie!",,Twitter for iPhone
China News ä¸­å›½æ–°é—»ç½‘,Beijing,"https://t.co/Ak6zvI4GC8, the English portal of China News Service, a window into news about China. #ChinaTravel #ChinaStory #ChinaTech #ChinaBiz #Panda #AmazingChina",True,2022-04-27 12:31:00+00:00,"People living and working in the Chaoyang District, Beijing, took the first round nucleic acid testing on Monday and will take the third test on April 29 to curb the recent resurgence of #COVID19 . https://t.co/cFsq0Rp72l",,Twitter Web App
COVID Scale,Earth,A bot designed to put the #COVID19 pandemic's effect on the United States into historical perspective. Stats from @Worldometers,False,2022-04-27 12:30:59+00:00,"Since the start of the pandemic, 1,019,008 Americans have died from #COVID19 (16.3% of all deaths worldwide). That is about the same as 509 1893 Cheniere Caminada hurricanes which killed 2,000 people in 1893: https://t.co/pSgLfJbMAk",['COVID19'],HN_Comments
Emmanuel Gomes Ciolac,"Bauru, Brasil","Associate Professor, Human Movement Scientist and Head of @ECDR_UNESP at @Unesp_Oficial.",False,2022-04-27 12:30:50+00:00,"Can previous levels of #physicalactivity affect #risk  factors for cardiorespiratory #diseases and #functional capacity after #COVID19 hospitalization? See what we found in a prospective cohort #study just published https://t.co/hdzJoZYA0l @HindawiMedicine 

(1/9)ğŸ§µ https://t.co/5O9IgJULnt","['physicalactivity', 'risk', 'diseases', 'functional']",Twitter Web App
UNFPA Serbia,Republic of Serbia,"The United Nations Population Fund: Delivering a world where every pregnancy is wanted, every childbirth safe, and every young person's potential is fulfilled.",False,2022-04-27 12:30:43+00:00,"Active aging in the aftermath of the #COVID19 crisis has changed the way we percieve activity. It is not only exercising but singing, acting &amp; dancing together.

Our Country Director @mosotiUNFPA visited @CKSrbije in #Kragujevac to inspire #OlderPeople in Healthy ageing center. https://t.co/yakT6ESgMi",['COVID19'],Twitter Web App
TÊœá´‡ Rá´‡á´€ÊŸ Tá´€ÊŸá´‹,,"#ğ™ğ™§ğ™ªğ™©ğ™  ğ™—ğ™šğ™ğ™ğ™£ğ™™ ğ™©ğ™ğ™š ğ™ğ™˜ğ™šğ™£ğ™š   ğŸ“¸ğŸ™ï¸ğŸ”„
. 
#We are here to make you confront reality!
Walk on the road to the truth with us! 
RTs not endorsement!",False,2022-04-27 12:30:41+00:00,"As COVID-19 cases rise, experts say though symptoms are mild, maintain caution

#COVID19 #CovidIsntOver #COVID19india

#TheRealTalkin (ANI) https://t.co/5Ov9HMwLrS","['COVID19', 'CovidIsntOver']",Twitter for Android
Gavin Geddes,"Brighton, England","Ex pro footballer, survivor of historical child sex abuse and got 40 months prison for action against the abuser. I now write screenplays and will succeed.",False,2022-04-27 12:30:18+00:00,@panda_editing Thanks Panda. My #screenwriting debut #AnEveningwithNevilleHeath I penned in prison without internet or a library closed due to #COVID19 Iâ€™m looking for an #Agent without prejudice so I can pitch to #netflix #theatre #indiefilm #producer email gavgeddes@icloud.com âœï¸ğŸ‡¬ğŸ‡§ https://t.co/a5Uh7cgv0c,"['screenwriting', 'AnEveningwithNevilleHeath']",Twitter for iPhone
The Global Search for Education,New York,"The official account for CMRubinWorld's award-winning series, focused on researching and innovating educational environments for the 21st century student.",False,2022-04-27 12:30:16+00:00,Intimate portrait of a committed #nurse during the #COVID19 #pandemic. https://t.co/ChkOpHEeg8 #Documentary #nursing #reallifeheroes #hospitals @PlanetClassroom @NFFTY https://t.co/h4mZhDWcRg,"['nurse', 'COVID19', 'pandemic', 'Documentary']",Hootsuite Inc.
UCL Open: Environment,United Kingdom,@uclpress #openaccess journal accepting inter- & multi-disciplinary research showcasing radical & critical thinking on real world issues. RT â‰  endorsement.,False,2022-04-27 12:30:15+00:00,"Published article! 

How has working from home reduced carbon emissions from the Netherlands, Sweden and the UK during the COVID-19 pandemic? Elizabeth Corker et. al. present a data-based commentary. 

https://t.co/WDjvh1dFJk

 #Climate #ClimateChange #BehaviourChange #COVID19 https://t.co/Ka9ZuosaU3",,Hootsuite Inc.
Emory Public Health,"Atlanta, GA","Rollins School of Public Health. Demonstrating the science of #publichealth through discovery, dissemination, & application of knowledge at home and abroad.",False,2022-04-27 12:30:14+00:00,"TOMORROW, 04/28 at 3PM ET join assistant professor, @MarleneKWolfe and @StanfordEng professor, Dr. Ali Boehm for a LIVE discussion about wastewater monitoring to inform #publichealth and local government responses to diseases like #COVID19. Register Now! https://t.co/A0uGW4OIAR https://t.co/U9TZJzptfl",,Hootsuite Inc.
ADF Magazine,Africa,"Africa Defense Forum (ADF) magazine is a security affairs journal that focuses on all issues affecting peace, stability, and good governance in Africa.",False,2022-04-27 12:30:12+00:00,#EquatorialGuinea ends 13-month #COVID19 curfew - https://t.co/YQYzWnMzyP via @africanews https://t.co/4iPT4YdLni,"['EquatorialGuinea', 'COVID19']",Hootsuite Inc.
GS1 Healthcare,,"GS1 Healthcare is a voluntary, global user group leading the Healthcare sector to the successful development & implementation of global standards.",False,2022-04-27 12:30:12+00:00,"New report from @Deloitte calls for international healthcare organisations to promote #GlobalStandards such as #GS1DataMatrix barcodes for product identification across the #SupplyChain to ensure a secure access to #Covid19 #vaccines #GS1Healthcare.

ğŸ‘‰ https://t.co/UNFnYJPPQx https://t.co/JpH2yfjB61",['GlobalStandards'],Hootsuite Inc.
Hazmat Kentucky,,,False,2022-04-27 12:30:10+00:00,"It is allergy season. #COVID19 &amp; seasonal allergies share some symptoms, but not others. Use this chart to compare the symptoms of COVID-19 &amp; seasonal allergies so you can tell the difference.

More: https://t.co/LAbayaTjuA. https://t.co/lISGLxPm36",['COVID19'],Hootsuite Inc.
NJSBDC at NJCU,"Jersey City, NJ","Free 1-on-1 #businessconsulting on: strategy, financing, marketing, & more. Hosted by @njcuniversity & funded by @sbagov.",False,2022-04-27 12:30:09+00:00,"As you plan for your summer trip, it's important to meet CDC guidelines when traveling during the pandemic.

#NJSBDCNJCU #smallbusiness #entrepreneurship #hudsoncountynj #jerseycity #njcu #covid19 #cdc #travel

https://t.co/d1vzqZYLaL",,Hootsuite Inc.
Mark Andrews,"Shanghai, China","Freelance writer based in Shanghai, China. I write mainly about cars and travel for magazines and newspapers. Usually I supply photographs.",False,2022-04-27 12:30:09+00:00,"The hierarchy of food needs under Shanghai lockdown as going around social media, see thread for translation. #China #Shanghai #lockdown #food #shortage #hierarchy #needs #Maslow #Covid19 #Omicron https://t.co/4D6YF70BTe",,Twitter Web App
Visa Crunch,,"Visa Crunch is a one-stop portal for any Immigration, Study, and Work â€” news from around the world.",False,2022-04-27 12:30:09+00:00,"#VisaCrunch: Thailand Removes RT-PCR Test Requirement For International Arrivals From 1 May

Read more: https://t.co/fGSfD2poxS

#COVID19 #COVID19Guidelines #InternationalArrivals #RTPCRTest #Thailand #TravelGuidelines #UnvaccinatedTravellers https://t.co/2NJfJjhfAJ",['VisaCrunch'],Hootsuite Inc.
World Medical & Health Policy,,"Academic journal dedicated to policy, politics, medicine, and public health. Edited by @danielrskinner. Published by @PolicyStudies & @Wiley_Health.",False,2022-04-27 12:30:05+00:00,How did #healthcare providers adapt in the #workplace to #COVID19? check out this systematic review of international databases international databases to identify #policy interventions. https://t.co/rAg8avpL7n,"['healthcare', 'workplace', 'COVID19']",Buffer
TheNetworkNurse,FL,The Network Nurse is a platform providing health workers with resources for success so they can gain independence and autonomy over all aspects of their lives.,False,2022-04-27 12:30:00+00:00,"Are you a healthcare professional with a desire to publish your story? Well, an opportunity is coming soon! Don't miss out on being featured in Thrudemic - book a slot now at https://t.co/d8jTiVsjJ5.
#Thrudemic #Covid19 #Healthcareworkers https://t.co/fKnEafaKtB",,Twitter Web App
DomesticShelters.org,"Phoenix, Arizona, USA",The first site and mobile resource with searchable data for domestic violence programs in US/Canada + news & information for those experiencing domestic abuse.,False,2022-04-27 12:30:00+00:00,"Survivors of domestic violence may hesitate to trust new potential partnersâ€”concerned that they will again be at risk.

https://t.co/8SVM6gTevF

#DomesticViolence #Abuse #DomesticAbuse #Relationships #Dating #SocialDistance #COVID19",,TweetDeck
DIGITIMES Asia,Taiwan,"DIGITIMES Asia, formerly DIGITIMES, is a premium source of information about the global tech supply chain.",False,2022-04-27 12:30:00+00:00,CleanSlate UV offers IoT sanitizers for mobile devices in healthcare #biosafety #Canada #CleanSlateUV #COVID19 #Franklyspeaking #healthcare #ICTmanufacturing #Interview #IoT #IT #CE #ITcomponents #peripherals #mobile... #DIGITIMES https://t.co/dJfZkC1Veq https://t.co/6oq1mPtkAl,"['biosafety', 'Canada', 'CleanSlateUV', 'COVID19']",DIGITIMES news
Remote Jobs,Remote,We help job seekers finding #remote #jobs and #workfromhome opportunities,False,2022-04-27 12:29:54+00:00,"Are you looking for a job as #system #Engineer ?
Check our website https://t.co/bJ2F9tTwqS
#ChampionsLeague #27aprile #Crypto #quote #Women #world #work #Remote #hiring #HiringAlert #HIRINGNOW #help #job #motivation #wednesdaythought #week #jobsearch #ElonMusk #COVID19 #business https://t.co/iD8xdKM62g","['system', 'Engineer', 'ChampionsLeague']",Twitter for Android
DIP Goa,Panaji Goa,"Official Handle of Department of Information & Publicity, Govt of Goa",True,2022-04-27 12:29:48+00:00,Daily #COVID19 Bulletin https://t.co/zrSxIUlEu1,['COVID19'],Twitter for Android
"Errington Thompson, MD","Huntington, WV","Trauma/Acute Care Surgeon, Husband, father, grandfather, Former Political Talk Show Host, Author, Movie and Sports fan.

Follow me if you want the truth! #BLM",False,2022-04-27 12:29:41+00:00,"Get well soon, @VP. We are praying for your speedy recovery!

#COVID19 sucks! 

https://t.co/86NHOxr1i3",['COVID19'],Twitter for Android
Luke Smith,"Stroud, Gloucestershire, UK","App developer, music maker, veg grower, dad, husband, cleaner, dog walker, cat stroker, environmentalist.  Stroud, UK.",False,2022-04-27 12:29:36+00:00,"So the tories acted illegally re carehomes, and lied.  They partied in Downing St while the police issued fines for the public doing the same, and loved ones died alone.  And yet we still hear 'Johnsons handling of covid' was somehow great. #COVID19",,Twitter Web App
Nili Kaplan-Myrth MD PhD,"Ottawa, Ontario",Family doc | medical anthro @mcgillu @UCL @Yale | writer | feminist | https://t.co/MWZUXrjI7X | @FulbrightSchlrs | @commschols | #Jabapalooza (she/her),True,2022-04-27 12:29:35+00:00,"To any of you who said infants and children arenâ€™t affected by #COVID19, who said it doesnâ€™t spread in schools, who said the pandemic was over: Spend a day in an ICU with an infant, at the bedside of a (re)infected family, or counselling patients with long-Covid. Then apologize.",['COVID19'],Twitter for iPhone
News Medical,,The latest medical news from around the world,False,2022-04-27 12:29:30+00:00,Findings of the HITCH randomized clinical trial show lack of improvement in COVID-19 on temporary androgen suppression https://t.co/AN6tB19dJT @UofCalifornia #SARSCoV2 #COVID19 #HITCHRandomizedTrial #Androgen https://t.co/qZRltxxinn,,News Medical
Adeline Dugerdil,Suisse,Physician specialized in internal medicine ğŸ‘©ğŸ»â€âš•ï¸ (@ISG_UNIGE & @Hopitaux_unige) - Student in public health ğŸ‘©ğŸ»â€ğŸ“ - Tweets express my views - ğŸ’™ğŸ’›ğŸ•Š,False,2022-04-27 12:29:27+00:00,"4/4 â€“ By May 03, forecasted weekly average of #COVID19 cases:
&gt;300 cases/100Kpop in Vermont
&gt;200 in 6 states (e.g.: Colorado)
&gt;100 in 16 states (e.g.: Maine)
&gt;50 in 13 states (e.g.: Utah)
&lt;50 in 14 states (e.g.: Arizona)

Highest R-eff: Kansas (1.32) 
Lowest R-eff: Texas (0.96)",['COVID19'],Twitter Web App
Adeline Dugerdil,Suisse,Physician specialized in internal medicine ğŸ‘©ğŸ»â€âš•ï¸ (@ISG_UNIGE & @Hopitaux_unige) - Student in public health ğŸ‘©ğŸ»â€ğŸ“ - Tweets express my views - ğŸ’™ğŸ’›ğŸ•Š,False,2022-04-27 12:29:27+00:00,"3/4 â€“ 44 states are either [surging], rising/increasing or (plateauing) in #COVID19 epidemic activity, with no to very high mortality, for 7 more days.
e.g.:
[California (R-eff=1.31), medium mort.]
Michigan=1.14, low mort.
New York=1.09, medium mort. 
(Florida=1.02, low mort.) https://t.co/gs0mtdYZW1",['COVID19'],Twitter Web App
Adeline Dugerdil,Suisse,Physician specialized in internal medicine ğŸ‘©ğŸ»â€âš•ï¸ (@ISG_UNIGE & @Hopitaux_unige) - Student in public health ğŸ‘©ğŸ»â€ğŸ“ - Tweets express my views - ğŸ’™ğŸ’›ğŸ•Š,False,2022-04-27 12:29:26+00:00,"2/4 â€“ 6 states will remain in their #COVID19 safety zones, with no expected to medium mortality, for 7 more days.
e.g.:
Mississippi (27.37 new cases/100K pop/7 days)
Wyoming (26.11 new cases/100K pop)
South Dakota (19.11 new cases/100K pop)",['COVID19'],Twitter Web App
Adeline Dugerdil,Suisse,Physician specialized in internal medicine ğŸ‘©ğŸ»â€âš•ï¸ (@ISG_UNIGE & @Hopitaux_unige) - Student in public health ğŸ‘©ğŸ»â€ğŸ“ - Tweets express my views - ğŸ’™ğŸ’›ğŸ•Š,False,2022-04-27 12:29:25+00:00,"1/4 â€“ USA is rising in #COVID19 epidemic activity (R-eff=1.14) reaching 61,101 new cases and 288 deaths daily by May 03, if incidence continues at the same rate.

Forecasts for states: Apr 27 â€“ May 03.
â¡ï¸https://t.co/iyKRpoyfFJâ¬…ï¸
Powered by @ISG_UNIGE &amp; @SDSCdatascience https://t.co/F27azplc8y",['COVID19'],Twitter Web App
shivam tripathi,"New Delhi, India",Investor. Financial Analyst.We invest on time.,False,2022-04-27 12:29:15+00:00,DU Students are demanding for OBE since very long When classes have been done online during pandemic then how administration can conduct #OfflineExam during surge of New Waveof #COVID19 #DUStudentsWantOBE #OBEforallSemestersInDU #HybridModeShouldBeAChoice #OBEForAllSemestersofDU https://t.co/bEeUaMb9sQ,,Twitter for Android
beatnikgeek longcovid soothsayer,"Manhattan, NY","These days, I expose colonizers & exploits @ the subatomic level e.g., Unlimited profits is the only acceptable profit margin.",False,2022-04-27 12:29:13+00:00,"UK will lose $8B from #longcovid impact their workforce's unacknowledged #disability

How much will the USA lose?

#CovidIsntOver #COVID19 #PASC https://t.co/tI8DWdiMQ9","['longcovid', 'disability']",Twitter for Android
IranPressNewsAgency,Islamic Republic of Iran,"The First International Visual News Agency in Iran
ES: @Spainiranpress/ FA: @IranPress_Farsi",False,2022-04-27 12:29:11+00:00,"#Iran's Health Ministry announced on Wednesday that 17 death cases due to #COVID19 had been registered during the past 24 hours, bringing the total death toll to 141,041. https://t.co/aA9J2x1VFq","['Iran', 'COVID19']",Twitter for iPhone
Dibya Dash,,Just another frustrated studentâ˜¹ï¸,False,2022-04-27 12:28:17+00:00,"I don't know how to raise voice
No one is listening to our cryğŸ˜­
Plz help us we aren't ready for +2exam
There are plenty of reasons to this and everyone know that and alternative is also ready as the term exans but no one is helping please help usğŸ˜­#help #Viral #COVID19 #ElonMusk",,Twitter for Android
Marta Fern,United Kingdom,"Senior Editor at ICIS focusing on European caprolactam, nylon and chemical tanker shipping.",False,2022-04-27 12:28:13+00:00,"China petrochemical trade disruptions continue amid lockdowns
#ICIS #China #lockdown #covid19 #zerocovid #MTBE #xylenes #gasoline #polypropylene https://t.co/BYXzttlODd","['ICIS', 'China', 'lockdown', 'covid19', 'zerocovid', 'MTBE']",Twitter Web App
CEPI,Global,Coalition for Epidemic Preparedness Innovations (CEPI). We want to stop future epidemics by developing new vaccines for a safer world. #100DaysMission,True,2022-04-27 12:28:00+00:00,"We can build on the lessons learned during the #COVID19 pandemic to advance vaccine technologies against other emerging infectious diseases.

@WHO Chief Scientist @doctorsoumya explains more in @bmj_latest | âœï¸ @munkeatlooi ğŸ‘‡ 
https://t.co/ROn0cTDWXB",['COVID19'],Sprout Social
Tangguh Chairil,"Jakarta, ğŸ‡®ğŸ‡©","International Relations scholar, with focus on Security Studies. My areas of interest include the defense and security sector in ğŸ‡®ğŸ‡©",False,2022-04-27 12:27:56+00:00,"#COVID19 cases among Indonesian citizens abroad, 27 April 2022: https://t.co/YD1CtwBIn6
no new case --&gt; 9,066 total cases
no new recovery --&gt; 7,593 total recoveries
no new death --&gt; 289 total deaths
no change in active cases --&gt; 1,184 active cases",['COVID19'],Twitter for Android
Sajid,,,False,2022-04-27 12:27:54+00:00,"I urge all states to get safety audits of all hospitals done on a priority basis to prevent fire incidents which have been increasing amid heatwave. Our response time should also be minimal @narendramodi to all state CMs during meeting on COVID situation in the  country
#COVID19 https://t.co/iYsxwBqUDj",,Twitter for Android
DR.Wu KONG,Hongkong,"long Live the Far Eastern philosophy.
Here for those BIG lies and Folly.",False,2022-04-27 12:27:48+00:00,"The irony is that the #US, which ranks first economically, also leads the world in epidemic deaths ...... The U.S. government is still deceiving the public #COVID19 is just a ""BIG FLU,"" the Upper class partying in social places, while the lower class waiting for death in pain. https://t.co/dyqWciwVc6",['US'],Twitter Web App
e-Estonia,"Tallinn, Estonia","We've built a #digitalsociety and we can show you how. 
#eEstonia #estonia #WeAreNATO",False,2022-04-27 12:27:44+00:00,"With the most #startups per capita in #Europe, Estonia's business leaders are clearly on to something. During the #COVID19 pandemic, #Estonia was even among the fastest-growing economies in the #EU. How? Here's what one @unitartu study found.

#eEstonia

https://t.co/loIch9JPV1","['startups', 'Europe']",Twitter Web App
LinuxSecurity,"Midland Park, NJ",LinuxSecurity is the central voice for Linux and Open Source security news. Please visit us at https://t.co/ac4Fo5d0AS,False,2022-04-27 12:27:33+00:00,"A new @RedHat report highlights the changing perceptions about #opensource development, revealing how organizations are increasingly shifting to open source software to address #COVID19 related challenges and tackle new market demands for quality, speed and #security.",['opensource'],Twitter Web App
Suchithra Rahul,,"Dont waste food, serve it to someone who need it",False,2022-04-27 12:27:23+00:00,"Reality of #Chinese maal !
More than 2yrs have passed &amp; China still lacks basic facility to organize #COVID19 testing for its people.  Perhaps this is coz major chunk of its fund goes for its disinformation campaign against other countries. https://t.co/LEWPEe3qlt","['Chinese', 'COVID19']",Twitter Web App
Frontline AIDS,International,"We want a future free from #AIDS for everyone, everywhere. #JoinUsEndIt ğŸŒ",True,2022-04-27 12:27:14+00:00,"Launched by @WHO in 2020, @ACTAccelerator has supported a fast and coordinated global effort to end the acute phase of the #COVID19 pandemic by deploying tests, treatments and vaccines.

Read the two-year impact report here ğŸ‘‡
https://t.co/c8ekIlSgih",,Twitter Web App
Spectrum Insurance Broking (P) Limited,"Delhi, India",Spectrum Insurance was incorporated in 2011 with an objective of providing financial protection to masses.,False,2022-04-27 12:27:03+00:00,"Secure life is the source of a smile.
.
.
#spectruminsurance #lifeinsurance #insurance #financialplanning #money #business #life #finance #happiness #happylife #getinsured #IPL #Covid19 #besafe #vaccinate #summer #besecure #befikarhamesha https://t.co/Sd6Do2vFEX","['spectruminsurance', 'lifeinsurance', 'insurance', 'financialplanning', 'money']",Twitter Web App
The Last Girly Swots to join Twâ„ï¸tter! ğŸ˜· ğŸ’™ ğŸ‡ºğŸ‡¦,"London, UK","ğŸ’™ğŸ’›ğŸ’™ğŸ’›ğŸ’™ #FBPE #RejoinEU #Ukraine  Covid-19  #MSDStrong #SantaFeStrong #PittsburghStrong #ElPasoStrong #DaytonStrong #EndGunViolence 
#FreeMorad #FreeMehran",False,2022-04-27 12:26:57+00:00,"@MickCoffey2 Yes one of the first #COVID19 cases was tracked from Singapore to a ski resort to a Surrey? GP surgery and he was asymptomatic.

So Boris Johnson, Matt Hancock etc knew all about asymptomatic transmission from the start.

#wato #pmqs #GTTO #JohnsonOut93*

https://t.co/QbQc4gX2lu",['COVID19'],Twitter Web App
SUPERKING ğŸ’¯,,Bililhon token $BION #Bitcoin #OTC #Crypto #MillionaireMaker ONLY FACTS. Do you DD. No financial advice. $CBIT $RVV $ICOA $ICNM $ETEK $MJWL,False,2022-04-27 12:26:41+00:00,"This chart will explode soon imho âœŠ

REVIVE THERAPEUTICS

ğŸ”² $RVV (CSE) | $RVVTF (OTC)

$mrna $jj $pfe $ocgn $azn #COVID
#otc #COVID19 https://t.co/Zrgsh0uS7f",,Twitter for iPhone
The Canara Post (www.thecanarapost.com),,"https://t.co/Kg6PI3aUKq is a news initiative covering news and human interest stories of Dakshina Kannada, Udupi and Uttara Kannada districts",False,2022-04-27 12:26:30+00:00,"Covid cases in DK today
https://t.co/ZVNEqPHuwz 
#dakshinakannada #Mangaluru #COVID19 #Corona 
@DHFWKA @DCDK9","['dakshinakannada', 'Mangaluru', 'COVID19', 'Corona']",Twitter Web App
Fat,,General raving about politics life sometimes fuelled by alcohol and my love hate relationship with cycling,False,2022-04-27 12:26:25+00:00,@rantymcmoanface @DamianClough2 @RupertMyers @SBarrettBar Even if Keir Starmer receives 1 or several FPN for breaking #COVID19 #lockdown laws that's irrelevant. #BorisJohnson isn't in political hot water because he broke lockdown laws. He's in trouble for lying to Parliament. Tom &amp; many Tories can't grasp that.,,Twitter for Android
Mark Alefounder,Colchester,"PHOTOGRAPHY. BSB, WSBK, MOTOGP. WEST BROM. Professional Photographer. One day all youâ€™ll have left are photographs.",False,2022-04-27 12:26:08+00:00,@willquince I canâ€™t see anything about the Govt breaking the law by discharging covid patients into care homes on your feed? Given your promotion as the party of law and orderâ€¦â€¦#colchester #torylies #JohnsonOut85 #HighCourt #COVID19,,Twitter for iPhone
Timothy #AbolishtheNYPD & Start the Over Brutus,Lenape Lands; #NYC - #OH #ME ,#Scientist #environmentalengineer #socialworker #poet #nature #art #feminist #ERA #BLM #Hiking #data ğŸŒ¹âš¡ï¸ğŸ¦ºâ™¥ï¸ğŸ”¥,False,2022-04-27 12:26:02+00:00,"@JanusTiresias @Amy_Siskind And then there is the 1,000,000 dead Americans from  #COVID19 when we voted for him and thought he had a plan, lol, suckers are we.

Walkensky, Zients, &amp; Fauci are worse under Biden. 

The there is his generous $10k #studentloan cancellation plan, a true joke. So much more wrong. https://t.co/DFH2ZPEX8a",['COVID19'],Twitter for iPhone
Dr. Thomas Wilckens,"MÃ¼nchen, Bayern","#PrecisionMedicine: Changing the way we diagnose, treat & prevent disease #Diagnostics #Medicine #Datasciences #AI #omics  #NoAfD #ProSmartVaccination",False,2022-04-27 12:25:54+00:00,Transitioning to endemicity with #COVID19 research https://t.co/6usrlT0Vsb,['COVID19'],Twitter Web App
Ai News,"New Delhi, India","Official Account of All India News. Mainly focused on Defense, Strategic and External Affairs.",False,2022-04-27 12:25:51+00:00,"As COVID-19 cases rise, experts say though symptoms are mild, maintain caution

#COVID19 #CovidIsntOver #COVID19india https://t.co/SlkZwAtWqR","['COVID19', 'CovidIsntOver']",Ai News Room
Jessica.,Kerala,"Research scholar, Proud Indian",False,2022-04-27 12:25:49+00:00,"Reality of #Chinese maal !
More than 2yrs have passed &amp; China still lacks basic facility to organize #COVID19 testing for its people.  Perhaps this is coz major chunk of its fund goes for its disinformation campaign against other countries. https://t.co/ZSRJLzr0MH","['Chinese', 'COVID19']",Twitter Web App
Mark,New York City,"Lover of life, invests, advises, blogs. Embraces Medicine, Tech, Sports. Went 2 Med Sch, got PhD. Nominal academician, innovator, entrepreneur, Humanist, BS'er",False,2022-04-27 12:25:35+00:00,Our #CoVid19 times https://t.co/1uXbGRuqyN,['CoVid19'],Twitter for Android
Gayatri Parameswar,,"Software developer, 
India is United being Diversified and I'm proud of being Indian",False,2022-04-27 12:25:32+00:00,"Reality of #Chinese maal !
More than 2yrs have passed &amp; China still lacks basic facility to organize #COVID19 testing for its people.  Perhaps this is coz major chunk of its fund goes for its disinformation campaign against other countries. https://t.co/aoLRLHDPXI","['Chinese', 'COVID19']",Twitter Web App
Anurag Nahta,"New Delhi, India",Strive to create a law-abiding Nation that values and respects all life in equal measure.,False,2022-04-27 12:25:25+00:00,#COVID19 #fourthwave in Delhi: High time to be on your guard #coronavirus #COVID https://t.co/nGv1NXhrI9,"['COVID19', 'fourthwave', 'coronavirus', 'COVID']",Twitter for Android
ANI Digital,India,"Asian News International.Multi-media news agency,content for information platforms:TV,Internet,broadband,newspapers,mobiles https://t.co/QrqluPvffc",True,2022-04-27 12:25:24+00:00,"As COVID-19 cases rise, experts say though symptoms are mild, maintain caution

Read @ANI Story | https://t.co/vk0Cwt0c3X
#COVID19 #CovidIsntOver #COVID19india https://t.co/BLlx9Lt0g2",,Twitter Web App
Financial Express,India,"#Business news, analysis, opinion from India | #StockMarket updates @FEMarkets | à¤¹à¤¿à¤‚à¤¦à¥€ à¤®à¥‡à¤‚ @fehindi | https://t.co/A09ez2AFBj",True,2022-04-27 12:25:17+00:00,"The national capital has been witnessing an uptick in coronavirus infections over the past few days.

#COVID19 #Delhi

https://t.co/0Ba5q6EGSa",['COVID19'],Twitter Web App
James V.  Kohl,Northern Georgia,"https://t.co/YQaxFxLOkZ, https://t.co/CBBDUzmeYj & https://t.co/c81fQ8Vvx9 link subatomic particles from pH-dependent peptide synthesis to sympatric speciation and healthy ecosystems.",False,2022-04-27 12:25:11+00:00,"Like former President Trump, Elon Musk is a billionaire who knows that sunlight and humidity weaken #COVID19. That fact has been linked to more than 200 patents for therapeutic solutions. 
See @exosome and link microRNA-mediated protein folding chemistry to effective treatments. https://t.co/eHyF7In4rS",['COVID19'],Twitter Web App
Anurag Nahta,"New Delhi, India",Strive to create a law-abiding Nation that values and respects all life in equal measure.,False,2022-04-27 12:24:27+00:00,"Covid-19: India reports 2,927 fresh cases in 24 hrs; positivity rate rises to 0.58 per cent #COVID19 #COVID https://t.co/xgxshqWqYB","['COVID19', 'COVID']",Twitter for Android
Safe Air Systems Technology,New Jersey,"#COVID19 #COVIDisAirborne 
Get Safe Indoor Air Without Compromising Your Bottom Line ğŸ‘‡",False,2022-04-27 12:24:21+00:00,"More than half of Americans have had Covid, including three of four children #COVID19 
https://t.co/VO6XqjkgxQ",['COVID19'],Twitter Web App
Robbie Bernstein,NYC,"King of the Caucs. Lord of the sandwiches. Professional crop duster. https://t.co/J5tonHfqrk
https://t.co/7TbLkk0uXK",False,2022-04-27 12:24:16+00:00,"An authorization or does this one also come with schools throwing out kids who don't get it. Better word might be Goverment forced implementation.
#covid19 #pfizer #twitterfreedom #ElonMuskBuyTwitter 
https://t.co/CZ0u79nqlL",,Twitter Web App
"Dr. Mohan Cooray, MD FRCPC",âœŠğŸ¾6ixNationğŸ‡¨ğŸ‡¦,#CEO|#Chairman|ğŸ•Š#GuardianğŸ›¡|âœŠğŸ¾#6ixNation|InternalMedicine|GI|AdvEndo|FacultyMedicine|ViewsMyOwn|âœŠğŸ¾#Freedom19|#Innovation|#Discovery|ğŸ¦…#JEDIğŸ‡¨ğŸ‡¦ğŸ‡ºğŸ‡¸ğŸ‡±ğŸ‡°ğŸ™ğŸ½,False,2022-04-27 12:24:13+00:00,"âš ï¸DISCREDIT &amp; BLACK FLAG @dfisman (#Liberal political influencerğŸ‡¨ğŸ‡¦)

@UofT = âš ï¸#UNETHICAL (â€œ#propagandaâ€)

ALL #PeerReview worldwide, GO FORWARD should â€œintenselyâ€ scrutinize @UofT after SHAM PUBLICATION re: #COVID19

@CMAJğŸ¤¦ğŸ¾â€â™‚ï¸

#CDNmedia #MedTwitter #COVID @NEJM @TheLancet @Nature https://t.co/TyhN1msAHZ","['Liberal', 'UNETHICAL', 'propaganda']",Twitter for iPhone
Dr. Susan Perkins,"New York, NY",Practitioner of Parasitology. ğŸ¦ğŸ©¸ğŸ”¬ Geek of Games. ğŸ²ğŸ®  Malcolmâ€™s Mom ğŸˆ Dean of Science. @ccny_science @CityCollegeNYğŸ’œ Tweets my own. she/her,False,2022-04-27 12:24:08+00:00,1 out of every 154 people in my zip code has died of #COVID19 since this pandemic started. That is mind-blowing.,['COVID19'],Twitter for iPhone
ğŸ†˜ Rhody ğŸ‡ºğŸ‡¸ğŸ—½ğŸ‘‘ğŸš›ğŸ…,A scary place,The only globalization the oligarchs have achieved is uniting ppl all over the world to fight against them. They hate us & want to take the sanity of our kids.,False,2022-04-27 12:24:05+00:00,#China #COVID19 Bill Maher been waking up on liberals for a while now https://t.co/6Bgslzs0VO via @YouTube,"['China', 'COVID19']",Twitter for iPhone
The Global Herald,,Latest news and opinion from The Global Herald online newspaper.,False,2022-04-27 12:24:02+00:00,ABC News Prime: VP positive for COVID-19; SCOTUS #Immigration case; Amusement park victim's mom intv. - https://t.co/a1VBt6QlPU - #America #COVID19 #Ukraine,['Immigration'],The Global Herald
Adeline Dugerdil,Suisse,Physician specialized in internal medicine ğŸ‘©ğŸ»â€âš•ï¸ (@ISG_UNIGE & @Hopitaux_unige) - Student in public health ğŸ‘©ğŸ»â€ğŸ“ - Tweets express my views - ğŸ’™ğŸ’›ğŸ•Š,False,2022-04-27 12:23:56+00:00,"5/6 â€“ Forecasted by May 02:
&gt;50 #COVID19 cases/100K pop/week in Fribourg, Obwalden, Solothurn
&lt;50 in Luzern, Schwyz, Appenzell A, Glarus, Uri, St Gallen, Grisons, Nidwalden, Appenzell I

Highest R-eff in NE (0.91)
Lowest R-eff in SG (0.54)",['COVID19'],Twitter Web App
Adeline Dugerdil,Suisse,Physician specialized in internal medicine ğŸ‘©ğŸ»â€âš•ï¸ (@ISG_UNIGE & @Hopitaux_unige) - Student in public health ğŸ‘©ğŸ»â€ğŸ“ - Tweets express my views - ğŸ’™ğŸ’›ğŸ•Š,False,2022-04-27 12:23:55+00:00,"3/6 â€“ 23 Cantons are [slowly] landing towards their #COVID19 safety zones, with no expected to low mortality, for 7 more days.
e.g.:
[NeuchÃ¢tel (R-eff=0.91), no mort.]
Vaud=0.72, no mort. 
ZÃ¼rich=0.69, low mort. 
Luzern=0.63, no mort. https://t.co/D1MozrJADF",['COVID19'],Twitter Web App
Adeline Dugerdil,Suisse,Physician specialized in internal medicine ğŸ‘©ğŸ»â€âš•ï¸ (@ISG_UNIGE & @Hopitaux_unige) - Student in public health ğŸ‘©ğŸ»â€ğŸ“ - Tweets express my views - ğŸ’™ğŸ’›ğŸ•Š,False,2022-04-27 12:23:55+00:00,"2/6 â€“ 3 Cantons will remain in their #COVID19 safety zones, with no expected mortality, for 7 more days:
Grisons (29.05 new cases/100K pop/7 days)
Nidwalden (24.15 new cases/100K pop)
Appenzell Innerrhoden (7.84 new cases/100K pop)",['COVID19'],Twitter Web App
Adeline Dugerdil,Suisse,Physician specialized in internal medicine ğŸ‘©ğŸ»â€âš•ï¸ (@ISG_UNIGE & @Hopitaux_unige) - Student in public health ğŸ‘©ğŸ»â€ğŸ“ - Tweets express my views - ğŸ’™ğŸ’›ğŸ•Š,False,2022-04-27 12:23:54+00:00,"1/6 â€“ Switzerland is landing towards its #COVID19 safety zone (R-eff=0.69) reaching 1,055 new cases and 1 death daily by May 02, if incidence continues at the same rate.

Cantonal forecasts: Apr 27 â€“ May 02.
â¡ï¸https://t.co/WT0NGhk47Kâ¬…ï¸
Powered by @ISG_UNIGE &amp; @SDSCdatascience https://t.co/AVR24xYTCY",['COVID19'],Twitter Web App
JAMMU MEDIA,Jammu,"Nation First ğŸ‡®ğŸ‡³, Jammu News Updates,  Patriot, Traveller",False,2022-04-27 12:23:42+00:00,"Universal immunization
Programme :
For vaccinated
And Healthy future of
India
#WorldImmunizationWeek 
24 Apr - 30 Apr
#coronavirus #vaccination 
#VaccinesWork #COVID19 
#COVID #COVID19india 
#abc730 #CovidVaccine 
#Corona #coronavirusindia 
#COVID19india 
#wednesdaythought https://t.co/qhdoO8LrL4",['WorldImmunizationWeek'],Twitter for Android
The NHA Party,,"The National Health Action Party, UK political party fighting for a healthy NHS and a fairer society, opposing privatisation.",False,2022-04-27 12:23:29+00:00,"Imagine the outrage if the govt said ""you have chest pain? You need to pay for your ECG and troponin blood test yourself if you want one""
Yet this is what the Tories have done with PCR tests for #Covid19 (except Scotland)
https://t.co/4cILpT3U0v",,Twitter Web App
June Amor,"New York, USA",Singer/Songwriter For booking email me directly silana18@icloud.com,False,2022-04-27 12:23:19+00:00,Honored to sing the #nationalanthem for the Change of Responsibility on 14 April 2022 #COVID19 #CLASSY #Army #LOVE #foryourpage #Viral https://t.co/A4X0nMFl9E,"['nationalanthem', 'COVID19', 'CLASSY', 'Army', 'LOVE']",Twitter for iPhone
True Scoop,"Jalandhar, India","Punjab's fastest growing #DigitalNews channel that raises important issues of the #Youth. We're Honest. Thorough. Forward-looking. 

#PunjabNews #TrendingNews",False,2022-04-27 12:22:54+00:00,"Kids Vaccination, Removal of VAT, safety audits of Hospitals; All key points from today's PM Modi Meeting

#Modi #AmitShah #Politics #BJP #COVID19 #LatestNews #COVIDReviewmeeting

https://t.co/bqAzp7seDh",['Modi'],Twitter Web App
Nikos Davies-Tsagkadakis ğŸ‡¬ğŸ‡·ğŸ´ó §ó ¢ó ·ó ¬ó ³ó ¿ğŸ‡ºğŸ‡¦,London,United States of Europe Supporter - Retired Vice Principal #FBPE #GTTO,False,2022-04-27 12:22:54+00:00,Ignorance is not excuse for breaking the law! #JohnsonOut96 Get the tories out. They are a disgrace @BorisJohnson #COVID19 https://t.co/lBhrvgZ3yG,['JohnsonOut96'],Twitter for iPhone
ğŸ‘¨â€ğŸ’¼Ravi Sharma,,"ğŸ§‘â€ğŸ’¼ Advocate & Tax Consultant @ Â®ï¸ Law Firm âš–

ğŸ¤” Socialist & Thinker

ğŸ—£Admin and Working on 
@S_N_T_R_I_E_S.",False,2022-04-27 12:22:46+00:00,"Even no way for general public to walk . packed with garbage.. please clean it. 
#clean_delhi #COVID19
@raghav_chadha @NorthDmc @OfficialSdmc @ArvindKejriwal @AamAadmiParty @BJP4Delhi @ABPNews @LtGovDelhi @CMODelhi @delhi https://t.co/8nozBGlgqL","['clean_delhi', 'COVID19']",Twitter for Android
Katri Bertram,"Berlin, Germany",Work on #globalhealth #partnerships #G7 & #G20 @ German Health Ministry in Berlin. ğŸ‡«ğŸ‡® mom x4. All Tw/RT personal.,False,2022-04-27 12:22:40+00:00,".@Karl_Lauterbach adds that investing in preparedness is important not only for the #Covid19 #pandemic, but also for other pandemics such as #AMR and #climatechange.","['Covid19', 'pandemic']",Twitter Web App
